path and name,MD5 hash,size,creation time,modification time,sampling rate
./training2017/A00/A00001.mat,c5edcf9aeb1c20ec632853edabe59ac1,18024,20170110142124,20170110,300
./training2017/A00/A00002.mat,264b6f2a4a383f5bb0be24c393765761,18024,20170110142124,20170110,300
./training2017/A00/A00003.mat,2a3a0647746c4a40dfe156c4e9597b72,36024,20170110142124,20170110,300
./training2017/A00/A00004.mat,b2cf1fe41467799eaeaec7e384d0515d,18024,20170110142124,20170110,300
./training2017/A00/A00005.mat,b2c9460b126cb23bf780d5264532bae7,36024,20170110142124,20170110,300
./training2017/A00/A00006.mat,e372f4f69fcdcd7d982cebf6471ded4c,18024,20170110142124,20170110,300
./training2017/A00/A00007.mat,37a3eee7fabffbc2c903a372315dd674,18024,20170110142124,20170110,300
./training2017/A00/A00008.mat,d95a4aa2ed5a5c7251143445f0bf26db,36024,20170110142124,20170110,300
./training2017/A00/A00009.mat,b796eaed63f47d4dc421d0b8f5cc1bd6,18024,20170110142124,20170110,300
./training2017/A00/A00010.mat,1ce5be618fa7adf609177272a63337c8,36024,20170110142124,20170110,300
./training2017/A00/A00011.mat,b4c88b6c3171f953f554fa5fc92b9472,18024,20170110142124,20170110,300
./training2017/A00/A00012.mat,e2d093467d634b23b72e7201ae9e90af,18024,20170110142124,20170110,300
./training2017/A00/A00013.mat,3e2b7e8fa987447c63952429e6b3f1c7,18024,20170110142124,20170110,300
./training2017/A00/A00014.mat,c8beff08a7167f004d9e3bb8b1b1e995,11164,20170110142124,20170110,300
./training2017/A00/A00015.mat,6423a64a4238cd2779de6f063dbe04c5,12228,20170110142124,20170110,300
./training2017/A00/A00016.mat,2fd1f4a97f31f9d95e003fd8859d5a93,18024,20170110142124,20170110,300
./training2017/A00/A00017.mat,a42483b0c61ea8bae5fa114a778536d9,18024,20170110142124,20170110,300
./training2017/A00/A00018.mat,e55d04a4d92badae516514eb95cfee38,18024,20170110142124,20170110,300
./training2017/A00/A00019.mat,baf5facbdac71e57998586d841505a31,23064,20170110142124,20170110,300
./training2017/A00/A00020.mat,4c25a95413be51cc454a5cc1f01bbaea,18024,20170110142124,20170110,300
./training2017/A00/A00021.mat,4f900527a7600645d9c410c39d7b838f,18024,20170110142124,20170110,300
./training2017/A00/A00022.mat,e081cf3dcf6e0b0ad180125c7ae678ff,18024,20170110142124,20170110,300
./training2017/A00/A00023.mat,0f90b333af7d440bd74109476f83086f,18024,20170110142124,20170110,300
./training2017/A00/A00024.mat,fb8330fe1b8a6475241cb9f5be8be93f,18024,20170110142124,20170110,300
./training2017/A00/A00025.mat,b7aed88105c9bddec1bab42e92949fdc,18024,20170110142124,20170110,300
./training2017/A00/A00026.mat,9a6dab912ba1fdeaaa7014a4cc61ed3b,18024,20170110142124,20170110,300
./training2017/A00/A00027.mat,0ce2b2b118a958f1dc6a87db89f1d757,18024,20170110142124,20170110,300
./training2017/A00/A00028.mat,330c372ef98c2039bab4865928740909,36024,20170110142124,20170110,300
./training2017/A00/A00029.mat,655c54ecf1b5269985233aebec01bd38,18024,20170110142124,20170110,300
./training2017/A00/A00030.mat,7bc328e8ea11ebc029b8518049807854,36024,20170110142124,20170110,300
./training2017/A00/A00031.mat,598fba0aa705597caf501b0505687f4e,18024,20170110142124,20170110,300
./training2017/A00/A00032.mat,e8ddfc40e6e59dcfd712d8f1d45b1833,17412,20170110142124,20170110,300
./training2017/A00/A00033.mat,a9cec32fb195d2bb43712f9f072e025c,18024,20170110142124,20170110,300
./training2017/A00/A00034.mat,a5d581a0ade64171e83e664314a284ef,18024,20170110142124,20170110,300
./training2017/A00/A00035.mat,b04b71baf3b6609956e6d250a7528211,18024,20170110142124,20170110,300
./training2017/A00/A00036.mat,ef0aa023e32dee504bd9fec9f5359fb4,18024,20170110142126,20170110,300
./training2017/A00/A00037.mat,1e9457e0f16bb49a0db79cc14c2b9ebd,36024,20170110142126,20170110,300
./training2017/A00/A00038.mat,0fcc20b36a7d60317ee5bc15a6d616b0,18024,20170110142126,20170110,300
./training2017/A00/A00039.mat,7ec6e4dbe5d8df63667603ba7a2e73bf,18024,20170110142126,20170110,300
./training2017/A00/A00040.mat,7d9cdf016506dd1df0ead6135e0c832f,18024,20170110142126,20170110,300
./training2017/A00/A00041.mat,59c327620bb1de6691c09a80cd21f59b,18024,20170110142126,20170110,300
./training2017/A00/A00042.mat,fa393c4044942c91f457f3321109014e,18024,20170110142126,20170110,300
./training2017/A00/A00043.mat,d3a4c0021db7329a98ec9060ededd372,29896,20170110142126,20170110,300
./training2017/A00/A00044.mat,a5eb0a4ddde0482efe2cdd35a729ceff,18024,20170110142126,20170110,300
./training2017/A00/A00045.mat,ac96c1bd920660f8c6f6a6e5f2d43be2,18024,20170110142126,20170110,300
./training2017/A00/A00046.mat,8a265edbf77a636d3ce0d4510607caff,18024,20170110142126,20170110,300
./training2017/A00/A00047.mat,d90014b22bc90f799aa5438dd2cc463d,18024,20170110142126,20170110,300
./training2017/A00/A00048.mat,23ca0018d220c89815a907d1d73335ca,18024,20170110142126,20170110,300
./training2017/A00/A00049.mat,cb8477230fa14004fa54b0c426f519c6,18024,20170110142126,20170110,300
./training2017/A00/A00050.mat,998a803dcc1c3d61df7a5053cd60fcee,18024,20170110142126,20170110,300
./training2017/A00/A00051.mat,69d4f16e6ab43d9a54d8bcb0c807968b,35624,20170110142126,20170110,300
./training2017/A00/A00052.mat,c9b9b44743c581470aa5c3a462ffbc8d,13108,20170110142126,20170110,300
./training2017/A00/A00053.mat,01a8252b02293f3e7a0fb2e16cf4d5ae,18024,20170110142126,20170110,300
./training2017/A00/A00054.mat,12c28fe96d0d8fe93a3db57f68851bcf,18024,20170110142126,20170110,300
./training2017/A00/A00055.mat,e4a2eee7dfba383bee288507c29a58d5,18024,20170110142126,20170110,300
./training2017/A00/A00056.mat,7a30f8727def7a70613e9d4d91023cf9,18024,20170110142126,20170110,300
./training2017/A00/A00057.mat,f4e92739e507ff05a04cf5083c2c6099,13988,20170110142126,20170110,300
./training2017/A00/A00058.mat,5331077772ab598edc74fa040148ed19,36024,20170110142126,20170110,300
./training2017/A00/A00059.mat,3604e38f2810efe8699938c52079e71f,36024,20170110142126,20170110,300
./training2017/A00/A00060.mat,8630e18814e9ecd0fa422318b994a6f8,28132,20170110142126,20170110,300
./training2017/A00/A00061.mat,b03b55822ec8b32a65a63a67f29f067c,18024,20170110142126,20170110,300
./training2017/A00/A00062.mat,4632abbf850a6cfad02f37dde9c1ed57,18024,20170110142126,20170110,300
./training2017/A00/A00063.mat,e8852ade2d75e34753c5b96f726d69d5,36024,20170110142126,20170110,300
./training2017/A00/A00064.mat,508bd346f2fc083e84b8cdb6e1bb248a,18024,20170110142126,20170110,300
./training2017/A00/A00065.mat,f9c15065c708fd76c2d03842ac5fa2dd,16306,20170110142128,20170110,300
./training2017/A00/A00066.mat,14678e12409b42bd666fd2ee8b0d27e8,18024,20170110142128,20170110,300
./training2017/A00/A00067.mat,36035cbb44cae80162e22a1487bc1ece,18024,20170110142128,20170110,300
./training2017/A00/A00068.mat,16c094980d9f4e213be5d9b91d4986e2,36024,20170110142128,20170110,300
./training2017/A00/A00069.mat,ae992bafa2653a7b32f9693bde1de1db,18024,20170110142128,20170110,300
./training2017/A00/A00070.mat,7d4ac084656905386513c840f63f686d,18024,20170110142128,20170110,300
./training2017/A00/A00071.mat,39b8357fa40a59581bff6d2b420a5399,18024,20170110142128,20170110,300
./training2017/A00/A00072.mat,ffeb9af3b271b3132946bdc02a2f0800,18024,20170110142128,20170110,300
./training2017/A00/A00073.mat,7745f40be86ecb2999b637f930828df9,18024,20170110142128,20170110,300
./training2017/A00/A00074.mat,8de320dcbc5d27d0ee984f048d70e7b3,18024,20170110142128,20170110,300
./training2017/A00/A00075.mat,966a23294fc1a5160ac1d96622700e02,18024,20170110142128,20170110,300
./training2017/A00/A00076.mat,2ce3b3552055f00bb6ea0d695eae9e18,18024,20170110142128,20170110,300
./training2017/A00/A00077.mat,8d8b3f0b75d823cf0938f8a2bc36f280,18024,20170110142128,20170110,300
./training2017/A00/A00078.mat,6be4764a596b51fcc0be800664ea876e,35172,20170110142128,20170110,300
./training2017/A00/A00079.mat,86155692b379aaa2e8ae176cb5df5270,18024,20170110142128,20170110,300
./training2017/A00/A00080.mat,9afe1dd791eeb818ea5125b6ed00fe51,18024,20170110142128,20170110,300
./training2017/A00/A00081.mat,8bd168db00f0ed10f4e6a4a856b391b4,36024,20170110142128,20170110,300
./training2017/A00/A00082.mat,3af2f8843945ab5d242ac01d6fedbdf4,18024,20170110142128,20170110,300
./training2017/A00/A00083.mat,d7fb70d2329828350a59e1766334592b,36024,20170110142128,20170110,300
./training2017/A00/A00084.mat,920593b8c3205cc958f23c75e533b3c4,18024,20170110142128,20170110,300
./training2017/A00/A00085.mat,3f51ced19922f2ee0f247df560ec0dde,18024,20170110142128,20170110,300
./training2017/A00/A00086.mat,97ec8c08c11436cf3dbc6b56fedbd51a,18024,20170110142128,20170110,300
./training2017/A00/A00087.mat,63c99b4e057453dbe983dd4b7fa01fcb,18024,20170110142128,20170110,300
./training2017/A00/A00088.mat,1480fb773b9417942f46a8fb9741de74,18024,20170110142128,20170110,300
./training2017/A00/A00089.mat,3b3ac105eaa60447d857f4ce6a8b0a80,18024,20170110142128,20170110,300
./training2017/A00/A00090.mat,c5a9078a8fc3d80cc47604795556cbb6,18024,20170110142128,20170110,300
./training2017/A00/A00091.mat,b2d4d356bc44a57e1c8452b61258ebfb,18024,20170110142128,20170110,300
./training2017/A00/A00092.mat,ef8d8dceadb1f8d7f6bbe61c08064ca2,18024,20170110142128,20170110,300
./training2017/A00/A00093.mat,5abc970ef3a4daa71d0b17aeea47ca81,6028,20170110142128,20170110,300
./training2017/A00/A00094.mat,f9c06068a1e31090cf3a206ef6d9eb71,18024,20170110142128,20170110,300
./training2017/A00/A00095.mat,f850bbe1b0a6ab141c4d7a8194260359,18024,20170110142128,20170110,300
./training2017/A00/A00096.mat,3be67d93fc5e17f5b533361f77e23356,36024,20170110142128,20170110,300
./training2017/A00/A00097.mat,024ab888d9295cb9a63971c1818372b9,18024,20170110142128,20170110,300
./training2017/A00/A00098.mat,39a63b89f3cf878a4e18b06a5ad4e0cd,18024,20170110142128,20170110,300
./training2017/A00/A00099.mat,853412ad4fef4ec9c2519594cb4efc21,18024,20170110142128,20170110,300
./training2017/A00/A00100.mat,469e86f3a4a2d1fd2cba6622d3df3450,18024,20170110142128,20170110,300
./training2017/A00/A00101.mat,927f7eb44363adae12f171b354c50d5e,18024,20170110142128,20170110,300
./training2017/A00/A00102.mat,daedac9d705fc0fe5b14029e5ae6daca,18024,20170110142130,20170110,300
./training2017/A00/A00103.mat,5b815a90576a24d96157d3df63b8587a,36024,20170110142130,20170110,300
./training2017/A00/A00104.mat,51e0c8d1e1bfc065f94aa7743677553a,18024,20170110142130,20170110,300
./training2017/A00/A00105.mat,f3e6a70d62719f6c5a958ca89871ab45,36364,20170110142130,20170110,300
./training2017/A00/A00106.mat,1f482e2f494a5c4f70d76dd07330ffc4,10120,20170110142130,20170110,300
./training2017/A00/A00107.mat,c8cce9d13817c75817d834f79023d174,18024,20170110142130,20170110,300
./training2017/A00/A00108.mat,679cb0dfee1e4068eac33388dd4e3639,36024,20170110142130,20170110,300
./training2017/A00/A00109.mat,7c0c82cbd87f3455585248781b1dbdaf,18024,20170110142130,20170110,300
./training2017/A00/A00110.mat,ee6776dc6f812a94808605da1f230406,18024,20170110142130,20170110,300
./training2017/A00/A00111.mat,83e4c452b7222dac9ec62173aec56232,18024,20170110142130,20170110,300
./training2017/A00/A00112.mat,07dc959d3496c494ac3d2e496debec05,18024,20170110142130,20170110,300
./training2017/A00/A00113.mat,23066126f433efae62db6a914aa1ac9e,18024,20170110142130,20170110,300
./training2017/A00/A00114.mat,9909e4cde63f322641101f040578aa9b,18024,20170110142130,20170110,300
./training2017/A00/A00115.mat,89fd71ba958c572bbc32a02620146c79,18024,20170110142130,20170110,300
./training2017/A00/A00116.mat,6d2a1d6f372c2ba5d1a9818a9a4d5d08,18024,20170110142130,20170110,300
./training2017/A00/A00117.mat,859b2b19d2fa4278bf323f28b8dc88b4,18024,20170110142130,20170110,300
./training2017/A00/A00118.mat,d6e8a6138ba32963ebfb9bcbc4d05f60,18024,20170110142130,20170110,300
./training2017/A00/A00119.mat,16a27df50f8f9fa88731dd72e0a1c062,18024,20170110142130,20170110,300
./training2017/A00/A00120.mat,c4274b12515c3059faeddb4e204c580a,36024,20170110142130,20170110,300
./training2017/A00/A00121.mat,2f9f286f3a7e267966fd820163f14dfb,18024,20170110142130,20170110,300
./training2017/A00/A00122.mat,d5e04cb2fb89ee5ee5b61e1e7fbecc1e,18024,20170110142130,20170110,300
./training2017/A00/A00123.mat,410162e0279b9d060f84323b393c124c,18024,20170110142130,20170110,300
./training2017/A00/A00124.mat,6bb9d6f9a483b1095b720fc53917f0ec,18024,20170110142130,20170110,300
./training2017/A00/A00125.mat,35ce0ad9d44693fd6670d2286ff2c53e,18024,20170110142130,20170110,300
./training2017/A00/A00126.mat,0e7d78e238eabad93821dba0675baa0f,18024,20170110142130,20170110,300
./training2017/A00/A00127.mat,9cf2de848de2e96c631daa1b37dd0410,18024,20170110142130,20170110,300
./training2017/A00/A00128.mat,29cfabbff9e956bff30127502653279f,14080,20170110142130,20170110,300
./training2017/A00/A00129.mat,bb4c63dd5f6444afd62303cafd2c33a4,18024,20170110142130,20170110,300
./training2017/A00/A00130.mat,0d1432f60286a1747b659d76473b9b5d,18024,20170110142130,20170110,300
./training2017/A00/A00131.mat,3f6f930ab0547a714e4bdfa58e9d7b5b,18024,20170110142130,20170110,300
./training2017/A00/A00132.mat,557ec6933d622c11c5f7f97adb08995b,18024,20170110142130,20170110,300
./training2017/A00/A00133.mat,3ab7c3b3c6f7d363360940d1da56b34b,18024,20170110142130,20170110,300
./training2017/A00/A00134.mat,c9327b925ceab46cd9f29fd3b2ce6916,18024,20170110142130,20170110,300
./training2017/A00/A00135.mat,04785608b3daaceb0ebec1536d195989,36024,20170110142132,20170110,300
./training2017/A00/A00136.mat,3a12ae669787b49d6191a312dd17e26b,18024,20170110142132,20170110,300
./training2017/A00/A00137.mat,701c44a6760e1bec5c14bbc8f05c40c0,18024,20170110142132,20170110,300
./training2017/A00/A00138.mat,c93672aaa1062fb41b2ca738815ec17a,36024,20170110142132,20170110,300
./training2017/A00/A00139.mat,ec344f20f73c8db6a795712acf6d6a6a,7544,20170110142132,20170110,300
./training2017/A00/A00140.mat,3373b91ba4da15437e851f36c531ecfa,18024,20170110142132,20170110,300
./training2017/A00/A00141.mat,065da1a5ccbbd50e0c446fdee4ee3599,10312,20170110142132,20170110,300
./training2017/A00/A00142.mat,bfaec5942a0da5982902845beb08aae5,18024,20170110142132,20170110,300
./training2017/A00/A00143.mat,961687c4b9115ef49716ba3d380453c9,36024,20170110142132,20170110,300
./training2017/A00/A00144.mat,0c26a50345892dbb21fcecc9709e3023,18024,20170110142132,20170110,300
./training2017/A00/A00145.mat,b92beccf54ffb406ce0a146fe266796f,34064,20170110142132,20170110,300
./training2017/A00/A00146.mat,97815a3076081e6ccf2892ab0cc36f61,18024,20170110142132,20170110,300
./training2017/A00/A00147.mat,48955c5a927f250dae887f693bc125e1,36024,20170110142132,20170110,300
./training2017/A00/A00148.mat,9f55fbe20cbf402cff5e398b805280c2,18024,20170110142132,20170110,300
./training2017/A00/A00149.mat,f24c28767c5fd5499e0512a7f5305067,18024,20170110142132,20170110,300
./training2017/A00/A00150.mat,7265bdc2854f44494bab5ffb4de2d45c,18024,20170110142132,20170110,300
./training2017/A00/A00151.mat,970a50c00013cce5c9637390fbb06004,18024,20170110142132,20170110,300
./training2017/A00/A00152.mat,93df5fd347455052f902e51400742086,18024,20170110142132,20170110,300
./training2017/A00/A00153.mat,a4e48485fdc8bb8c2773330f5b545a57,18024,20170110142132,20170110,300
./training2017/A00/A00154.mat,434d6ba918ecba83d95d6bb01881b55c,18024,20170110142132,20170110,300
./training2017/A00/A00155.mat,de4a6c0d269ac1ef4de1f02635f94bed,18024,20170110142132,20170110,300
./training2017/A00/A00156.mat,189198b26086657dc220469037ff2834,18024,20170110142132,20170110,300
./training2017/A00/A00157.mat,d63c97544391508abbd29fd7bfcf5a9c,36024,20170110142132,20170110,300
./training2017/A00/A00158.mat,aec4e17803fead130641bd6e2ea0e25f,18024,20170110142132,20170110,300
./training2017/A00/A00159.mat,16af4fb8f35073d0fc39e0fd0ee46f23,18024,20170110142132,20170110,300
./training2017/A00/A00160.mat,9383ad0e5810ceea4ee72a2491399210,18024,20170110142132,20170110,300
./training2017/A00/A00161.mat,d5901247bd0ce16a6505d63a5490c32f,36024,20170110142134,20170110,300
./training2017/A00/A00162.mat,6e710c267a23ec48140394a272abd037,18024,20170110142134,20170110,300
./training2017/A00/A00163.mat,e5077aac5dcc9f75da0ade119bf60604,18024,20170110142134,20170110,300
./training2017/A00/A00164.mat,2aef3f0f8e05d6826e5dfa7417163ced,36024,20170110142134,20170110,300
./training2017/A00/A00165.mat,700be50e6123997c5759ab6ff219f749,18024,20170110142134,20170110,300
./training2017/A00/A00166.mat,220eddf49d6e8920a18fecf00a9fabfd,18024,20170110142134,20170110,300
./training2017/A00/A00167.mat,e95b6cf92298d0b27322ca9017cfa54c,6080,20170110142134,20170110,300
./training2017/A00/A00168.mat,590d81783a00837f073a3018fd4790a5,18024,20170110142134,20170110,300
./training2017/A00/A00169.mat,5a515790e8192bc7a828d76f0f08b944,18024,20170110142134,20170110,300
./training2017/A00/A00170.mat,b0ce1a2c17d75ae90e16ff888bff58a4,18024,20170110142134,20170110,300
./training2017/A00/A00171.mat,732a04627e934342a4aadf9b05e490f4,18024,20170110142134,20170110,300
./training2017/A00/A00172.mat,9576f3842d384f31567a7ba7a2e03179,18024,20170110142134,20170110,300
./training2017/A00/A00173.mat,74c07ecfc5641cf5f4fc0311a83cd0d7,12356,20170110142134,20170110,300
./training2017/A00/A00174.mat,3de1627c17f2c824990183d4b25675ab,18024,20170110142134,20170110,300
./training2017/A00/A00175.mat,d43c49c145d798d03e9311d819bec79a,18024,20170110142134,20170110,300
./training2017/A00/A00176.mat,b14d08e43c727952078105c3efaf06ef,18024,20170110142134,20170110,300
./training2017/A00/A00177.mat,064bb2e25a57c90c32c3af08ac3adcdb,18024,20170110142134,20170110,300
./training2017/A00/A00178.mat,21fff769edad20e85b19c09655db5680,6500,20170110142134,20170110,300
./training2017/A00/A00179.mat,1604d889dac127e6bcffa408021fe3df,18024,20170110142134,20170110,300
./training2017/A00/A00180.mat,cf429d195a1a20ac2499df8fc638f278,18024,20170110142134,20170110,300
./training2017/A00/A00181.mat,4057292fcf87278036666b942a397977,18024,20170110142134,20170110,300
./training2017/A00/A00182.mat,4bd4a09ee3d1c94e9b6f4ba804d538b0,36024,20170110142134,20170110,300
./training2017/A00/A00183.mat,e203c007e9f12aeb46d6cd2ff8096efd,18024,20170110142134,20170110,300
./training2017/A00/A00184.mat,c8ac29bb6d7ff0b4ecda3f82ea63c00b,18024,20170110142134,20170110,300
./training2017/A00/A00185.mat,519ff75d222dfd42e1eaa9defad1b249,18024,20170110142134,20170110,300
./training2017/A00/A00186.mat,2327cfac2f1b1143a26984f318b25930,18024,20170110142134,20170110,300
./training2017/A00/A00187.mat,b9a39e6a0c00b22394ece07359a63378,18024,20170110142134,20170110,300
./training2017/A00/A00188.mat,d2e76666d8c635a7907ab93102f1e43c,18024,20170110142134,20170110,300
./training2017/A00/A00189.mat,874faa4be64c0237d8b245249c627b3f,18024,20170110142134,20170110,300
./training2017/A00/A00190.mat,ba7276b1e2468b5e51ddc6bd7a73fefc,18024,20170110142134,20170110,300
./training2017/A00/A00191.mat,f924e75b50f85f8a799b34cd7a92e319,18024,20170110142134,20170110,300
./training2017/A00/A00192.mat,693911b00cd9613c0a7cfb743a76901d,18024,20170110142136,20170110,300
./training2017/A00/A00193.mat,78bccf4e9c717c5311ff82c3f5cc8927,18024,20170110142136,20170110,300
./training2017/A00/A00194.mat,938e1c54dd550318087d8896bc549fc2,18024,20170110142136,20170110,300
./training2017/A00/A00195.mat,e64d841f100617d023c7f518dde257d8,11756,20170110142136,20170110,300
./training2017/A00/A00196.mat,3fdf774734dce3f1d3264ee5012f2a2d,18024,20170110142136,20170110,300
./training2017/A00/A00197.mat,319457a9db6719d0c8112b052c2458ed,18024,20170110142136,20170110,300
./training2017/A00/A00198.mat,f92939a7cdc89b7ad2c1ee41c8201548,18024,20170110142136,20170110,300
./training2017/A00/A00199.mat,c3586ec31db2a34bc709c37e67415c8e,18024,20170110142136,20170110,300
./training2017/A00/A00200.mat,3e3ea5d409774add538d9776dbf0d7db,18024,20170110142136,20170110,300
./training2017/A00/A00201.mat,0796ba458ed16d02fb7ce26c4b5d5b7a,9160,20170110142136,20170110,300
./training2017/A00/A00202.mat,766c00d051769bab7be78383983cb4b0,36024,20170110142136,20170110,300
./training2017/A00/A00203.mat,c0790c21e1f6fc3957e8100ed672ce39,18024,20170110142136,20170110,300
./training2017/A00/A00204.mat,50341c3da4ec3e66f322bc496d5789db,18024,20170110142136,20170110,300
./training2017/A00/A00205.mat,663bd47e872b14ce38a514879512e213,18024,20170110142136,20170110,300
./training2017/A00/A00206.mat,5828b40b362912b01abe6e3cacbbac38,18024,20170110142136,20170110,300
./training2017/A00/A00207.mat,fe70773a3dd3adcb3c1b970e5a62ca29,18024,20170110142136,20170110,300
./training2017/A00/A00208.mat,fbc0102c1ce05a1a3421f8f54c6e75da,18024,20170110142136,20170110,300
./training2017/A00/A00209.mat,64e9ddc44c0e998fe3c19ea4359f0129,18024,20170110142136,20170110,300
./training2017/A00/A00210.mat,7e4704bf2c950a9a78deaea5696bb94c,18024,20170110142136,20170110,300
./training2017/A00/A00211.mat,2817797fa8479886cc52eb60529966d2,18024,20170110142136,20170110,300
./training2017/A00/A00212.mat,b9617fe45e4a0e834c4ddaff1dbe9f1d,18024,20170110142136,20170110,300
./training2017/A00/A00213.mat,44e9289932b2f87bca6373b197fcf6bc,18024,20170110142136,20170110,300
./training2017/A00/A00214.mat,073004ae07b6bd09dc817b266c5c8002,12372,20170110142136,20170110,300
./training2017/A00/A00215.mat,4d1908e5fe072826db3cf0e98a5e0f96,36024,20170110142136,20170110,300
./training2017/A00/A00216.mat,3b2f64c1bd792f4ddb85baf14ce49bc2,18024,20170110142136,20170110,300
./training2017/A00/A00217.mat,7138a414d068854b18cc46baf946e44f,18024,20170110142136,20170110,300
./training2017/A00/A00218.mat,6e801f248fe35864bd02c4477374e76f,18024,20170110142136,20170110,300
./training2017/A00/A00219.mat,e283a672d2bbfe39b33550b91000ae54,18024,20170110142136,20170110,300
./training2017/A00/A00220.mat,0293bdf757d4eb426e76485d408daf5e,18024,20170110142136,20170110,300
./training2017/A00/A00221.mat,4c5648d4cdd6965c5acdcf923e498757,6636,20170110142136,20170110,300
./training2017/A00/A00222.mat,15ceffde75285624a6f4eb8873204fe0,18024,20170110142136,20170110,300
./training2017/A00/A00223.mat,164bde0dc1194ac1e77d8d53f6f5ea24,18024,20170110142136,20170110,300
./training2017/A00/A00224.mat,a756b441b0306c567e3daadb6028b373,17628,20170110142136,20170110,300
./training2017/A00/A00225.mat,91c63ca1ad1df2c3f1e34587d1a61f32,18024,20170113123242,20170113,300
./training2017/A00/A00226.mat,8ba6e983825be1ce45d3f55ac738f682,18024,20170110142136,20170110,300
./training2017/A00/A00227.mat,0298700f92c100914a92d3052a6d80aa,18024,20170110142136,20170110,300
./training2017/A00/A00228.mat,b92cdaa594c1e731796d6f869fba17d9,18024,20170110142136,20170110,300
./training2017/A00/A00229.mat,1f1486602ff0dae8b94037476a273f60,18024,20170110142136,20170110,300
./training2017/A00/A00230.mat,d201796910c6d3e8681aea93be9ac9a1,18024,20170110142136,20170110,300
./training2017/A00/A00231.mat,06b385320516d7d61a677a0f28cef59e,36024,20170110142136,20170110,300
./training2017/A00/A00232.mat,8f8d62b9b58453779c57a71f57ce57c9,18024,20170110142136,20170110,300
./training2017/A00/A00233.mat,139a2cd8f53d979d00d743243b4dcab4,18024,20170110142136,20170110,300
./training2017/A00/A00234.mat,124d1a1eaa622590ced3e9b10b6adbca,18024,20170110142136,20170110,300
./training2017/A00/A00235.mat,1a0be2e4506693f38f9bb9bdd43f15de,10304,20170110142136,20170110,300
./training2017/A00/A00236.mat,3cec991a9a5dc421fd1f57e47a8f8050,8168,20170110142136,20170110,300
./training2017/A00/A00237.mat,559d233f21a2777dc804e6c6644138b6,18024,20170110142136,20170110,300
./training2017/A00/A00238.mat,27a77e65ecf2ac38729e3bb37ecb2da4,18024,20170110142138,20170110,300
./training2017/A00/A00239.mat,a227cb80106534f932aa7eb04954c7f5,10600,20170110142138,20170110,300
./training2017/A00/A00240.mat,3841504e8c532e3ae7709d15c81f4389,18024,20170110142138,20170110,300
./training2017/A00/A00241.mat,c371adc0581e1a4afb7b51a74173ccd0,36024,20170110142138,20170110,300
./training2017/A00/A00242.mat,84e49bfbba2b03e1f1be1452bd8983d3,18024,20170110142138,20170110,300
./training2017/A00/A00243.mat,14c7fa5e6e4b372b481ab227d36c7764,18024,20170110142138,20170110,300
./training2017/A00/A00244.mat,9992338959b8a825a04f71991e134a83,18024,20170110142138,20170110,300
./training2017/A00/A00245.mat,51a594f09c649c0d4afb6aa054459582,26244,20170110142138,20170110,300
./training2017/A00/A00246.mat,8f16fab80ebee1636caa266f1b3e2fac,18024,20170110142138,20170110,300
./training2017/A00/A00247.mat,1b804a16a13336930e31c63a658acf94,18024,20170110142138,20170110,300
./training2017/A00/A00248.mat,1e1e4f68367f0a146128dd096597c39b,18024,20170110142138,20170110,300
./training2017/A00/A00249.mat,ee8f39adea194ffe5071e9edfb94a5ea,18024,20170110142138,20170110,300
./training2017/A00/A00250.mat,49d98aba044b6bbac8e4b84681165c23,36024,20170110142138,20170110,300
./training2017/A00/A00251.mat,d0c1de2e5d7520074f5fd6c1fa130154,36024,20170110142138,20170110,300
./training2017/A00/A00252.mat,fd3d4ba92c486456bca712819b9e2cf1,18024,20170110142138,20170110,300
./training2017/A00/A00253.mat,7f0cc16808a2ded817bdddbe8bbb8aee,18024,20170110142138,20170110,300
./training2017/A00/A00254.mat,43000230d6affef7dde073d41ed63477,18024,20170110142138,20170110,300
./training2017/A00/A00255.mat,73ae128f629523c8b57dc5fe89088df0,14504,20170110142138,20170110,300
./training2017/A00/A00256.mat,5bdd46bb4414fc583c0bdb8d32bd64ae,18024,20170110142138,20170110,300
./training2017/A00/A00257.mat,bca701271549b0af705b346b8b8e896b,11780,20170110142138,20170110,300
./training2017/A00/A00258.mat,524e77d85b9090bd8b40a180f7ae622c,10600,20170110142138,20170110,300
./training2017/A00/A00259.mat,b86abb8758984ff1fa65d7b871024504,12132,20170110142138,20170110,300
./training2017/A00/A00260.mat,831b50d5eeaf27057536b6a6354e3b86,36024,20170110142138,20170110,300
./training2017/A00/A00261.mat,8acdae621c27dc67edf84d3b138004ed,36004,20170110142138,20170110,300
./training2017/A00/A00262.mat,374168f16d5cc6adb0e8f15e7ca73d99,18024,20170110142138,20170110,300
./training2017/A00/A00263.mat,0992500f3d5051ba001d79bdd904d0dc,18024,20170110142138,20170110,300
./training2017/A00/A00264.mat,9ab6df91fb28ff72e24e31e629ef3894,25416,20170110142138,20170110,300
./training2017/A00/A00265.mat,5759a28960fa3c33491a33caacae1740,18024,20170110142138,20170110,300
./training2017/A00/A00266.mat,7509a839324582b50439663ce85dfdcc,18024,20170110142138,20170110,300
./training2017/A00/A00267.mat,7ba3b984f3ea060a6db3a7fd4d4894d1,18024,20170110142138,20170110,300
./training2017/A00/A00268.mat,f45292a14dad7d162788b6ec7aa2d3ae,36024,20170110142138,20170110,300
./training2017/A00/A00269.mat,771578fc61c644fd3ed711cdf3a69d5c,18024,20170110142138,20170110,300
./training2017/A00/A00270.mat,3f7943da03e8af4c453d59810b88a49a,18024,20170110142138,20170110,300
./training2017/A00/A00271.mat,0bb5d65fba3bdae811428b98194f06ac,18024,20170110142138,20170110,300
./training2017/A00/A00272.mat,82cea9ca5889cdf1a10aa068654b3517,18024,20170110142138,20170110,300
./training2017/A00/A00273.mat,289863569ae1bd570e8ff921d8ef8021,18024,20170110142140,20170110,300
./training2017/A00/A00274.mat,c88ad331f522dc468dee30c082bfd1af,18024,20170110142140,20170110,300
./training2017/A00/A00275.mat,03482169e7ae932e9d3249fb942719bc,36024,20170110142140,20170110,300
./training2017/A00/A00276.mat,f44e526a215035d31a0f9cd579fff185,18024,20170110142140,20170110,300
./training2017/A00/A00277.mat,86df22f4d51764273dea06cb6eb10515,18024,20170110142140,20170110,300
./training2017/A00/A00278.mat,4b6933e4533e2b880772113176ce5fdd,18024,20170110142140,20170110,300
./training2017/A00/A00279.mat,6c7b6b5c576ae5557c88417f34fd78a9,18024,20170110142140,20170110,300
./training2017/A00/A00280.mat,50284a0d6ad1186637586f9a9e8c146c,18024,20170110142140,20170110,300
./training2017/A00/A00281.mat,80484fb41cbfa9435e92e4790ef47f58,18024,20170110142140,20170110,300
./training2017/A00/A00282.mat,23e72b023661341a4ac4ca19045400d4,18024,20170110142140,20170110,300
./training2017/A00/A00283.mat,7ce94013502ac199d4499d7603fae95e,18024,20170110142140,20170110,300
./training2017/A00/A00284.mat,f28c415d3e2ff9a72f3dfd6c2166cd62,36024,20170110142140,20170110,300
./training2017/A00/A00285.mat,05ce9ca1deedd4755636d5d1f990c4aa,36024,20170110142140,20170110,300
./training2017/A00/A00286.mat,21e1f24cee625fe1beacc03c2a17ad2c,18024,20170110142140,20170110,300
./training2017/A00/A00287.mat,95391ad44b9826e3159518fd65c17b6b,18024,20170110142140,20170110,300
./training2017/A00/A00288.mat,214e96b4ebb1dfd45799a61fe890a3d9,18024,20170110142140,20170110,300
./training2017/A00/A00289.mat,de2ee33bab7a123a57ee44933eeae263,18024,20170110142140,20170110,300
./training2017/A00/A00290.mat,f1f535ebcbf2051f377fc17c85993c4c,18024,20170110142140,20170110,300
./training2017/A00/A00291.mat,bb3be8e9f2afbd503de19b5a43086544,18024,20170110142140,20170110,300
./training2017/A00/A00292.mat,6c3d4bc91163236680d92ff6878cf3a1,7508,20170110142140,20170110,300
./training2017/A00/A00293.mat,961b5d348475d37cc194d2da0dc6435c,18024,20170110142140,20170110,300
./training2017/A00/A00294.mat,dccf5de2e0acc96b08867442c973a518,18024,20170110142140,20170110,300
./training2017/A00/A00295.mat,2581b1458c871b3b5da5904861445fd3,18024,20170110142140,20170110,300
./training2017/A00/A00296.mat,85d04a0fef6447fa2942f0f3182a7a0b,18024,20170110142140,20170110,300
./training2017/A00/A00297.mat,66234b9672135fa60146c151b51aa691,18024,20170110142140,20170110,300
./training2017/A00/A00298.mat,2667d57efba312a5c5d97a8252b08c5b,18024,20170110142140,20170110,300
./training2017/A00/A00299.mat,9d06594e84e3893be9ce3b8a24052190,18024,20170110142140,20170110,300
./training2017/A00/A00300.mat,d5c02a04c6ce5b5ee38828cc22612706,36024,20170110142140,20170110,300
./training2017/A00/A00301.mat,714e7bbf05ac2b1bcb15013577d72b66,18024,20170110142140,20170110,300
./training2017/A00/A00302.mat,0b67c95c3923629c582674d8408a1a78,18024,20170110142140,20170110,300
./training2017/A00/A00303.mat,913b2f9150829ecbb4adc1ae6a9c8b3e,17236,20170110142140,20170110,300
./training2017/A00/A00304.mat,3a59e05b9923f1ce33e2d785f946d38d,36024,20170110142140,20170110,300
./training2017/A00/A00305.mat,2ec9fa0a1ccdfc4e60d9a1255ce266e0,18024,20170110142142,20170110,300
./training2017/A00/A00306.mat,b52cb5d44ec8722bac5291bc91f8df97,18024,20170110142142,20170110,300
./training2017/A00/A00307.mat,2820cb5564f74055a7f92b917400b5d1,16340,20170110142142,20170110,300
./training2017/A00/A00308.mat,c18dbabbb7d8e83b60a4fafbecf96a11,18024,20170110142142,20170110,300
./training2017/A00/A00309.mat,c9385a8217e87e6c4811d2a48f229ee6,18024,20170110142142,20170110,300
./training2017/A00/A00310.mat,cd5f72c6db6eb593748e6b46ea92f006,18024,20170110142142,20170110,300
./training2017/A00/A00311.mat,7a72ea706bf6c51b0682165b2bf12cc4,36024,20170110142142,20170110,300
./training2017/A00/A00312.mat,9293be778300a8a44fc148a98d202427,18024,20170110142142,20170110,300
./training2017/A00/A00313.mat,1bc1c177de2fb7fea9de3e74ba2724cf,36024,20170110142142,20170110,300
./training2017/A00/A00314.mat,594beb91cbf074bfa95ad301199b799f,13780,20170110142142,20170110,300
./training2017/A00/A00315.mat,c11d6a40aadbebed5ce3726effec6b3f,18024,20170110142142,20170110,300
./training2017/A00/A00316.mat,9cd49cd85a88250270f181343360e2e2,12436,20170110142142,20170110,300
./training2017/A00/A00317.mat,0f58cdc1939bff8cfe616ce92fb0e7a4,9148,20170110142142,20170110,300
./training2017/A00/A00318.mat,53885f7186903abb7aa028422e06ba9d,18024,20170110142142,20170110,300
./training2017/A00/A00319.mat,1dc430d61c7e02f7221579dc728dc8da,18024,20170110142142,20170110,300
./training2017/A00/A00320.mat,7a74a79b3d003d2247abfd80271526ab,18024,20170110142142,20170110,300
./training2017/A00/A00321.mat,80286aa8ab5d962862760878722d461f,18024,20170110142142,20170110,300
./training2017/A00/A00322.mat,a6d4b918f9b30802e3913da0ddf0a5db,18024,20170110142142,20170110,300
./training2017/A00/A00323.mat,73c048ce3a5c36b3cdb13995a3b0106f,10980,20170110142142,20170110,300
./training2017/A00/A00324.mat,99b5e498b0e8b8d21ce2c4e94f72229d,18024,20170110142142,20170110,300
./training2017/A00/A00325.mat,f650c7500fe25873e53de6922b270931,36024,20170110142142,20170110,300
./training2017/A00/A00326.mat,02d2ddab902bba8acada24f7341f6415,18024,20170110142142,20170110,300
./training2017/A00/A00327.mat,871cab5a54eefb460acf725d0ae4e207,18024,20170110142142,20170110,300
./training2017/A00/A00328.mat,7e8162b52f0ff54c63509e698fb301c5,18024,20170110142142,20170110,300
./training2017/A00/A00329.mat,5b8b95c17349e8a692a6169c69ff40f9,18024,20170110142144,20170110,300
./training2017/A00/A00330.mat,65aa3311313d47960c68658e1760d249,18024,20170110142146,20170110,300
./training2017/A00/A00331.mat,fa9f8347eea0f1ef19388efd3643d07f,17468,20170110142146,20170110,300
./training2017/A00/A00332.mat,192555a72e5b00e88aed1443e8695e92,18024,20170110142146,20170110,300
./training2017/A00/A00333.mat,44eaded577b60dad57d22585d79fd985,18024,20170110142146,20170110,300
./training2017/A00/A00334.mat,d03a2f1a9af804da40694d0a9c6c9ddf,18024,20170110142146,20170110,300
./training2017/A00/A00335.mat,3a1f2cc6a1727b22884bd5da52b163df,18024,20170110142146,20170110,300
./training2017/A00/A00336.mat,d688e6b1033a637097bd4dfe3c0d65b6,18024,20170110142146,20170110,300
./training2017/A00/A00337.mat,2bca13521d936e1fdccb5f91f7ddfeeb,36024,20170110142146,20170110,300
./training2017/A00/A00338.mat,dfdd19c2de74a5f73d80bf7ec3fcaa50,18024,20170110142146,20170110,300
./training2017/A00/A00339.mat,8cd82c3d945585e573a1a95e476097ff,18024,20170110142146,20170110,300
./training2017/A00/A00340.mat,2348cf936be6149c90d6352e9e88007d,18024,20170110142146,20170110,300
./training2017/A00/A00341.mat,675f47703662730564fcc5a07917b3da,18024,20170110142146,20170110,300
./training2017/A00/A00342.mat,cc3002351510916c87c81a7e879c9d4c,18024,20170110142146,20170110,300
./training2017/A00/A00343.mat,1cf8059123450d741e9c865de5db8495,18024,20170110142146,20170110,300
./training2017/A00/A00344.mat,34200d9f36d34a23a24a60e9ec62ca3a,13996,20170110142146,20170110,300
./training2017/A00/A00345.mat,ad73a51a47e89fe0202206a7d78df565,18024,20170110142146,20170110,300
./training2017/A00/A00346.mat,7951593f319e750de551422a9fc628ca,18024,20170110142146,20170110,300
./training2017/A00/A00347.mat,b7563097ddacad3adac0a0d03d2d8ce7,18024,20170110142146,20170110,300
./training2017/A00/A00348.mat,e3089c2ea05385db858e62a606a038d0,18024,20170110142146,20170110,300
./training2017/A00/A00349.mat,ac4bb49fe46e8dcfc2945cf5fb459cb8,18024,20170110142146,20170110,300
./training2017/A00/A00350.mat,6be971891fd2d76ac171e223e8238324,18024,20170110142146,20170110,300
./training2017/A00/A00351.mat,02ad513042e036fadf5cbd68c0e5a5f3,18024,20170110142146,20170110,300
./training2017/A00/A00352.mat,de827267ad1ce5b3500aa18efc3ace1a,18024,20170110142146,20170110,300
./training2017/A00/A00353.mat,428781d5b00b3d953de0103ee068759b,36024,20170110142146,20170110,300
./training2017/A00/A00354.mat,4f7110cf507edd9a17355294e38bde7e,18024,20170110142146,20170110,300
./training2017/A00/A00355.mat,6d01a7b9728f84c3ff8e4f955c701cfe,36024,20170110142146,20170110,300
./training2017/A00/A00356.mat,6e4d1de8f3b43435d8121c8270b02c42,18024,20170110142146,20170110,300
./training2017/A00/A00357.mat,235835c05203c20b17f9e8d2748b805d,12056,20170110142146,20170110,300
./training2017/A00/A00358.mat,ccd98294ed796bf2c9a45b955318cbec,36024,20170110142146,20170110,300
./training2017/A00/A00359.mat,2cf793771c72212a3eb5ab19cd9c27ca,18024,20170110142146,20170110,300
./training2017/A00/A00360.mat,3989a26565c54b6e9a273d28b72eabf6,18024,20170110142146,20170110,300
./training2017/A00/A00361.mat,f0fd4f3826fb3faa93ad364c97d8cc67,18024,20170110142146,20170110,300
./training2017/A00/A00362.mat,c7cc25a28448d55bbd91d62e66b13d8a,18024,20170110142148,20170110,300
./training2017/A00/A00363.mat,6432c22ac3af7a342c4cf4298608bd8c,18024,20170110142148,20170110,300
./training2017/A00/A00364.mat,df700c7ee3b050147d1ad9e37891797c,18024,20170110142148,20170110,300
./training2017/A00/A00365.mat,a67a9e6b1dabcb726591757dd5959c6f,18024,20170110142148,20170110,300
./training2017/A00/A00366.mat,682e1db5b641605abb29d7fb3b65d268,18024,20170110142148,20170110,300
./training2017/A00/A00367.mat,d680d23f4f59b27454d9ea57a15a02d5,18024,20170110142148,20170110,300
./training2017/A00/A00368.mat,42a54dbb0a465098729c9ecdd34d03fd,6236,20170110142148,20170110,300
./training2017/A00/A00369.mat,224b3bedf0c23606bb61422d845f3cea,18024,20170110142148,20170110,300
./training2017/A00/A00370.mat,d01a60c58f0724b1588778c226b74242,18024,20170110142148,20170110,300
./training2017/A00/A00371.mat,a4bf2c3223973a492ddf072006527574,18024,20170110142148,20170110,300
./training2017/A00/A00372.mat,e38834dc3c52310ec2f34cbee26d8c9d,11676,20170110142148,20170110,300
./training2017/A00/A00373.mat,66efa6e81293036c4c8e60533dbd8ef9,36024,20170110142148,20170110,300
./training2017/A00/A00374.mat,0d4620b842c7d026ca0bf5a423ac348b,18024,20170110142148,20170110,300
./training2017/A00/A00375.mat,a8484e359d39b4e4c4666c2c7ff3520a,18024,20170110142148,20170110,300
./training2017/A00/A00376.mat,82ba6e6e863ba2cb1d16d0f392adf1c4,18024,20170110142148,20170110,300
./training2017/A00/A00377.mat,90a5674f65995089d6ee34bc37927955,8852,20170110142148,20170110,300
./training2017/A00/A00378.mat,c417f7e2d6d0b08f414bdd8f0ce562b5,18024,20170110142148,20170110,300
./training2017/A00/A00379.mat,06aba290fdff55149a2411b41b7337aa,36024,20170110142148,20170110,300
./training2017/A00/A00380.mat,7f4c6791555b006d34a6d155aa82b9a2,18024,20170110142148,20170110,300
./training2017/A00/A00381.mat,0410fe5fcc88faece82273a44a780ccc,18024,20170110142148,20170110,300
./training2017/A00/A00382.mat,d4d48605b698342a704a46c539778b24,36024,20170110142148,20170110,300
./training2017/A00/A00383.mat,909b67ba2c2eb13d6da0d8ef91fd25b4,13400,20170110142148,20170110,300
./training2017/A00/A00384.mat,f4104bb7821438c8c4a8569a9cab6fcb,18024,20170110142150,20170110,300
./training2017/A00/A00385.mat,6ddb30f5a2cc86682bb722da7ded0fd1,18024,20170110142150,20170110,300
./training2017/A00/A00386.mat,302e673e50fc6e6e70bd3cfc23b5e85e,18024,20170110142150,20170110,300
./training2017/A00/A00387.mat,65fbddf404aa1feb043cae2f3f5bfffc,18024,20170110142150,20170110,300
./training2017/A00/A00388.mat,6ce0a3378bafa13aa0c26f821a4d7252,34284,20170110142150,20170110,300
./training2017/A00/A00389.mat,a6f65240ca4fbd8a2e162a6a76110694,36024,20170110142150,20170110,300
./training2017/A00/A00390.mat,5dfd253788b12aa485b161a8346c452f,18024,20170110142150,20170110,300
./training2017/A00/A00391.mat,5e0e5e51176a3b576a6e0061cc3e9720,18024,20170110142150,20170110,300
./training2017/A00/A00392.mat,082d2a8b4c2dc5d547d6cefd3642a3f4,18024,20170110142150,20170110,300
./training2017/A00/A00393.mat,7f64fa7a0b934271f4f6144db5e08460,18024,20170110142150,20170110,300
./training2017/A00/A00394.mat,17e035275baee339c47b385eb12f554d,7820,20170110142150,20170110,300
./training2017/A00/A00395.mat,b59ecc13a171b5b24614887715daed82,36024,20170110142150,20170110,300
./training2017/A00/A00396.mat,ee95461dcd0b5d6d66a7a7169f4df6d2,18024,20170110142150,20170110,300
./training2017/A00/A00397.mat,1ec40dba76b6a4803682bd899edbe071,8100,20170110142150,20170110,300
./training2017/A00/A00398.mat,fefab6ca26c5de8a1dd98cd4946e51a5,18024,20170110142150,20170110,300
./training2017/A00/A00399.mat,4619316cec3eaa091ebcc17ed536f92f,18024,20170110142150,20170110,300
./training2017/A00/A00400.mat,aed9b1720b1c61ef10e61006b95b12be,18024,20170110142150,20170110,300
./training2017/A00/A00401.mat,406acedb67279e3471bd1c1671ef7d41,18024,20170110142150,20170110,300
./training2017/A00/A00402.mat,e07d90a781d230a37793098add0ddb6d,36024,20170110142150,20170110,300
./training2017/A00/A00403.mat,2d6c421d159b7fe38a4fa938d40ed47d,18024,20170110142150,20170110,300
./training2017/A00/A00404.mat,53a2376551b0c7645a875312dea4af26,18024,20170110142150,20170110,300
./training2017/A00/A00405.mat,2fb0a871d8c88bb7e997af18eb2c6abb,6064,20170110142150,20170110,300
./training2017/A00/A00406.mat,d4c7c008dc25029da9d9b5d705a8e015,36024,20170110142150,20170110,300
./training2017/A00/A00407.mat,7e5ecbbd4283ac9d040201910d69dea8,18024,20170110142150,20170110,300
./training2017/A00/A00408.mat,4800bc79b73b6ddbdd5f0b4bf87d4e2d,18024,20170110142150,20170110,300
./training2017/A00/A00409.mat,34f5fec40114b459ba71962a13862192,18024,20170110142150,20170110,300
./training2017/A00/A00410.mat,5ad68116567cfef4e810a8e0f1056db8,12712,20170110142150,20170110,300
./training2017/A00/A00411.mat,536a7f43425a9997a35dcd1a8bed0d68,12624,20170110142150,20170110,300
./training2017/A00/A00412.mat,2e0c000bae1a6855a8e93a8859ce4b41,18024,20170110142150,20170110,300
./training2017/A00/A00413.mat,48c6cbd61660e7a1ab4626719793fbf3,31008,20170110142150,20170110,300
./training2017/A00/A00414.mat,7bd271c3b1e92a446e780c11db6a9ccf,16348,20170110142150,20170110,300
./training2017/A00/A00415.mat,ded81464ca1d9288865cada98a4b7518,18024,20170110142150,20170110,300
./training2017/A00/A00416.mat,0bd6241dc9faea5dc66854f2ceb46f33,18024,20170110142152,20170110,300
./training2017/A00/A00417.mat,1fc9de4db7321c0a43408ff425d1b928,18024,20170110142152,20170110,300
./training2017/A00/A00418.mat,83656166cc1458b8720572bb66b83660,18024,20170110142152,20170110,300
./training2017/A00/A00419.mat,1013139120994a0ec15ed97d233d90f1,36024,20170110142152,20170110,300
./training2017/A00/A00420.mat,eb5ede97b42b394ec32657f7712f49bb,18024,20170110142152,20170110,300
./training2017/A00/A00421.mat,de605e068a5e54a462d9765563b1d339,18024,20170110142152,20170110,300
./training2017/A00/A00422.mat,719528ccdeb47800d38fdbad3c68adc2,18024,20170110142152,20170110,300
./training2017/A00/A00423.mat,d15a26457a36b1190c056a8bf9c1a1b5,18024,20170110142152,20170110,300
./training2017/A00/A00424.mat,a0790123ec781324d2aa9eb6acf2a1b6,18024,20170110142152,20170110,300
./training2017/A00/A00425.mat,725097f8df893bfc83328171db28865c,17396,20170110142152,20170110,300
./training2017/A00/A00426.mat,a114906881863490d35e33c6e80a8900,18024,20170110142152,20170110,300
./training2017/A00/A00427.mat,6938d6df32a73396041467a3d3c7b682,18024,20170110142152,20170110,300
./training2017/A00/A00428.mat,ed74caedbc402c3fe531d954f50e52cf,18024,20170110142152,20170110,300
./training2017/A00/A00429.mat,d01cc9fe6c77b394745c91dee58559ca,14152,20170110142152,20170110,300
./training2017/A00/A00430.mat,6278acc8f4387af0da98e02e49ecec9f,18024,20170110142152,20170110,300
./training2017/A00/A00431.mat,8549c92a39ceb53603b7eb2dd8b7bbb0,18024,20170110142152,20170110,300
./training2017/A00/A00432.mat,a9b16ecb2ac9fc4e6c8ee3f7dd146aac,18024,20170110142152,20170110,300
./training2017/A00/A00433.mat,89e7fe70396e173b7f5c2e4a52bb062f,18024,20170110142152,20170110,300
./training2017/A00/A00434.mat,65cd1fcfb5516df08b72bc180e35355f,18024,20170110142152,20170110,300
./training2017/A00/A00435.mat,75459ae4d8ada13a87f0dff986066f2b,18024,20170110142152,20170110,300
./training2017/A00/A00436.mat,dbf81d43aa43cae137cff1888626c3de,18024,20170110142152,20170110,300
./training2017/A00/A00437.mat,1d0f8405dbb94a30dc897d6b0a595a0d,18024,20170110142152,20170110,300
./training2017/A00/A00438.mat,8a9c2ccc647c636eee359e18665966ae,9008,20170110142152,20170110,300
./training2017/A00/A00439.mat,f6746d257dfaf0306d7884e36c9c741e,36024,20170110142152,20170110,300
./training2017/A00/A00440.mat,76627e10691c80106049f3c7ae8084a2,18024,20170110142152,20170110,300
./training2017/A00/A00441.mat,5acb76a1d49e1058af2cdc4b0be86cc5,7712,20170110142152,20170110,300
./training2017/A00/A00442.mat,46c07847ab729a8709c27eb0e4601746,18024,20170110142152,20170110,300
./training2017/A00/A00443.mat,167c49b64cdd25cc30ce8731e708048b,18024,20170110142152,20170110,300
./training2017/A00/A00444.mat,3b44ace635135438a317994251b097cd,18024,20170110142152,20170110,300
./training2017/A00/A00445.mat,85447502ec0cc0b56a72248b4613c5cb,6552,20170110142152,20170110,300
./training2017/A00/A00446.mat,2284851644eef9df4f99bcbe3a938e62,18024,20170110142152,20170110,300
./training2017/A00/A00447.mat,378ef6e3625a0012ddfeef78d3955dcc,18024,20170110142152,20170110,300
./training2017/A00/A00448.mat,c72cfad70ece4be309600a3620814300,18024,20170110142152,20170110,300
./training2017/A00/A00449.mat,5164bc7ddfa1e25a1f360100893ee8af,16676,20170110142152,20170110,300
./training2017/A00/A00450.mat,a7efb7f82fb15aef12d4ceaea5921b9a,18024,20170110142152,20170110,300
./training2017/A00/A00451.mat,a821c70858ee11f7200d3b66e47b3fa3,18024,20170110142152,20170110,300
./training2017/A00/A00452.mat,e744691dad860eb45cad8a5e38786e3e,18024,20170110142152,20170110,300
./training2017/A00/A00453.mat,7388629ae5ce6eee2cd76b3e31083648,36024,20170110142152,20170110,300
./training2017/A00/A00454.mat,ff323c37e16069a7b5b2a5660d39a0a1,36024,20170110142154,20170110,300
./training2017/A00/A00455.mat,f9b09fe16ac3187369e3848eae5abfcd,36024,20170110142154,20170110,300
./training2017/A00/A00456.mat,2e57eb41b5aa6553bbffdbb084f6c7cf,18024,20170110142154,20170110,300
./training2017/A00/A00457.mat,bdf51f820731f976aa3f4bda91376a64,18024,20170110142154,20170110,300
./training2017/A00/A00458.mat,fe2e1a22860ea0d007a4a2297727003b,18024,20170110142154,20170110,300
./training2017/A00/A00459.mat,0b87656d502a821f3675a7c60fba1a1c,18024,20170110142154,20170110,300
./training2017/A00/A00460.mat,9cbf609bbe1a8be5c076586e8244551b,18024,20170110142154,20170110,300
./training2017/A00/A00461.mat,07b6cf888583829497c3bef564185897,36024,20170110142154,20170110,300
./training2017/A00/A00462.mat,8a3dc8ff2ff790450b2d215bef6762eb,18024,20170110142154,20170110,300
./training2017/A00/A00463.mat,647d19abcd4c1c3c8b3777d68b9f6a1a,36024,20170110142154,20170110,300
./training2017/A00/A00464.mat,47628849b15a599136dad4b881737626,7968,20170110142154,20170110,300
./training2017/A00/A00465.mat,24288812749f365aef32e109a8286c98,18024,20170110142154,20170110,300
./training2017/A00/A00466.mat,1b93ba7c507ffa40ec0e334e7400f649,18024,20170110142154,20170110,300
./training2017/A00/A00467.mat,6dce9ff8c28f3111b7eabe6a97584999,25296,20170110142154,20170110,300
./training2017/A00/A00468.mat,e68e3bd539670bd38f1b5081c157e4f9,18024,20170110142154,20170110,300
./training2017/A00/A00469.mat,af1219bba516fb9116770e77ea977baf,18024,20170110142154,20170110,300
./training2017/A00/A00470.mat,cf734a9e1aca6b1a5bec7c585d1f292e,36024,20170110142154,20170110,300
./training2017/A00/A00471.mat,cc5d9f3e181638adf31ccc42980e3b95,9268,20170110142154,20170110,300
./training2017/A00/A00472.mat,2e1baf9e452c66f3a831d0c48c9811b3,18024,20170110142154,20170110,300
./training2017/A00/A00473.mat,315d3ca57b0e307f40e244a06815510a,18024,20170110142154,20170110,300
./training2017/A00/A00474.mat,9441f631b1c1d25935cc4f9540d76d61,10552,20170110142154,20170110,300
./training2017/A00/A00475.mat,02c606367a666b7bdead554084008a30,18024,20170110142154,20170110,300
./training2017/A00/A00476.mat,eb9b59dfba1bd625b8283933c034b5cb,18024,20170110142154,20170110,300
./training2017/A00/A00477.mat,07cf875f20ead6ed8c73053ebdc8d55c,36024,20170110142154,20170110,300
./training2017/A00/A00478.mat,fea751a2db3f9092c4f5797951350df6,18024,20170110142154,20170110,300
./training2017/A00/A00479.mat,026d3fab424a72e56591fa9ff4a3962a,18024,20170110142154,20170110,300
./training2017/A00/A00480.mat,cfd99a135a23c742dff806713bcd741e,18024,20170110142154,20170110,300
./training2017/A00/A00481.mat,4980d0c5e4511baa6c47523fa5d0a8c3,18024,20170110142156,20170110,300
./training2017/A00/A00482.mat,211161d9dcb2ec0f2c71b00ac37f9c85,18024,20170110142156,20170110,300
./training2017/A00/A00483.mat,7200e52f61ca3a8a52453899b6de01b4,18024,20170110142156,20170110,300
./training2017/A00/A00484.mat,c61743a24317c9c4d0e257495fcefa92,36024,20170110142156,20170110,300
./training2017/A00/A00485.mat,a0c954b5d94c6ac50798432dc3c855c4,18024,20170110142156,20170110,300
./training2017/A00/A00486.mat,f2584028e8f48fc443b3cd2627c35688,18024,20170110142156,20170110,300
./training2017/A00/A00487.mat,3e4372834e59087dd4ba563d91f037d3,36024,20170110142156,20170110,300
./training2017/A00/A00488.mat,57982aa5614175b26814883ab454f26b,18024,20170110142156,20170110,300
./training2017/A00/A00489.mat,575ec20439eb1fe11ccf3fd39ef50744,36024,20170110142156,20170110,300
./training2017/A00/A00490.mat,37e78ca2e3356d88225b7a4cd5d0e4f4,18024,20170110142156,20170110,300
./training2017/A00/A00491.mat,317b271e50335112835b861c38e4f9e5,18024,20170110142156,20170110,300
./training2017/A00/A00492.mat,6331a71e19314fa24fc2abab337f6b1b,18024,20170110142156,20170110,300
./training2017/A00/A00493.mat,9b9198e90609ae794e02c7d67dd1bdf6,36024,20170110142156,20170110,300
./training2017/A00/A00494.mat,784f491ea10963e0ebd0291fe1e785d0,10048,20170110142156,20170110,300
./training2017/A00/A00495.mat,f52c3aeeb926e879ee8c472de70641a1,36024,20170110142156,20170110,300
./training2017/A00/A00496.mat,0faf451b79a2f6e93a8fc26a51d5ee89,18024,20170110142156,20170110,300
./training2017/A00/A00497.mat,1f09ce9a1b48b01014dc007049ae7d9b,18024,20170110142156,20170110,300
./training2017/A00/A00498.mat,076dcfc38c4edb6d0b97f52f92cc0058,18024,20170110142156,20170110,300
./training2017/A00/A00499.mat,dc502eb4b6125edaa1048725845a84e0,18024,20170110142156,20170110,300
./training2017/A00/A00500.mat,7286babd70f422654bbc9e0b7487b1c5,18024,20170110142156,20170110,300
./training2017/A00/A00501.mat,abb7f29d045431c69e98c07b6ea2c480,18024,20170110142156,20170110,300
./training2017/A00/A00502.mat,fafeff6a341ffaae81c2816af894cdba,18024,20170110142156,20170110,300
./training2017/A00/A00503.mat,56109f8d0e1be1bcc5dfb93f68ee8004,18024,20170110142156,20170110,300
./training2017/A00/A00504.mat,ed4fb5e9c83f0df21d45e859d18bd819,11112,20170110142158,20170110,300
./training2017/A00/A00505.mat,be2094c6e0bd64acf9cdef648587f65c,18024,20170110142158,20170110,300
./training2017/A00/A00506.mat,9cc3462838b4bf319256b1f9d623d2ed,18024,20170110142158,20170110,300
./training2017/A00/A00507.mat,97375a968987611f54f56c9623b8dc5e,18024,20170110142158,20170110,300
./training2017/A00/A00508.mat,87a508787f949a3f0f5ca5c3295d9dc4,18024,20170110142158,20170110,300
./training2017/A00/A00509.mat,852262d253bf37ae394a34e61e0accdd,18024,20170110142158,20170110,300
./training2017/A00/A00510.mat,b76aa8bc0a6433903d17ff01fb4f9650,18024,20170110142158,20170110,300
./training2017/A00/A00511.mat,dbac8164a03c9c7ce722dde235a2e65d,18024,20170110142158,20170110,300
./training2017/A00/A00512.mat,c3b094cf9a449ff110404356a074be7f,18024,20170110142158,20170110,300
./training2017/A00/A00513.mat,e6fec8c8f16ba2bfc1327a7f5bb65813,18024,20170110142158,20170110,300
./training2017/A00/A00514.mat,ba09df7984cb0d55b1adb30902f78995,15196,20170110142158,20170110,300
./training2017/A00/A00515.mat,052fe2ae670556e7b41b9c8330cc8c55,18024,20170110142158,20170110,300
./training2017/A00/A00516.mat,be629e989120908c9a857f9358d30709,18024,20170110142158,20170110,300
./training2017/A00/A00517.mat,b2bcf5dc99bd5a1eb7b761be58c1a9dc,36024,20170110142158,20170110,300
./training2017/A00/A00518.mat,e1da4f22dba4608f622d08f9c72f73f0,18024,20170110142158,20170110,300
./training2017/A00/A00519.mat,b1000d2f3c841981e0014bd29127bb50,18024,20170110142158,20170110,300
./training2017/A00/A00520.mat,b6ec8a0df2643cea5653ef29e9453e00,18024,20170110142158,20170110,300
./training2017/A00/A00521.mat,8abfc9397864ae4f3cf3d72df2f2d8b2,18024,20170110142158,20170110,300
./training2017/A00/A00522.mat,2d725a8d3a97d1773820b75227d041a2,18024,20170110142158,20170110,300
./training2017/A00/A00523.mat,f97d057a4b9361248228ed19b99b0150,18024,20170110142158,20170110,300
./training2017/A00/A00524.mat,902c498aa382520f8ef737d9d5b716cd,18024,20170110142158,20170110,300
./training2017/A00/A00525.mat,90c042aec9919e6bf2ab5f8b8efb4867,36024,20170110142158,20170110,300
./training2017/A00/A00526.mat,ae07b3fa797b2c0be13b8f103f4158f2,14536,20170110142158,20170110,300
./training2017/A00/A00527.mat,0e7d990519f4ea71c15e52747e62b166,18024,20170110142158,20170110,300
./training2017/A00/A00528.mat,e4d5abb571fb087d3d1a4a79b574c38c,18024,20170110142158,20170110,300
./training2017/A00/A00529.mat,0c09be63302eb09e468be9ff9ca7c22a,18024,20170110142158,20170110,300
./training2017/A00/A00530.mat,65be2017319ae5d7d0c4114899064940,18024,20170110142158,20170110,300
./training2017/A00/A00531.mat,94a45b0f911ece13cb6059f5350c6494,18024,20170110142158,20170110,300
./training2017/A00/A00532.mat,609c2507ee5da56f6ffe4ebc25870892,18024,20170110142158,20170110,300
./training2017/A00/A00533.mat,fd5d6a5470909af4f05c0eb82af6b534,18024,20170110142158,20170110,300
./training2017/A00/A00534.mat,998ee31e0fa176adeb2ca0c0cc656640,36024,20170110142158,20170110,300
./training2017/A00/A00535.mat,d147675a9f487042e9100e1af5191dc8,12484,20170110142200,20170110,300
./training2017/A00/A00536.mat,069a9045e72e891489c20396c76970cb,18024,20170110142200,20170110,300
./training2017/A00/A00537.mat,d08c4598d0ae7ca7660465c01a144157,18024,20170110142200,20170110,300
./training2017/A00/A00538.mat,42b1595ae8fb5cb96eb517a126db81b1,18024,20170110142200,20170110,300
./training2017/A00/A00539.mat,5845cc2b3a2caca2246b220649233a64,36024,20170110142200,20170110,300
./training2017/A00/A00540.mat,317d287a6a7d086b6404df02bf225bcf,18024,20170110142200,20170110,300
./training2017/A00/A00541.mat,205e48088cc6ecff71af1fb99759335a,18024,20170110142200,20170110,300
./training2017/A00/A00542.mat,ee6894adbe459fab626e212a6c2a77ff,18024,20170110142200,20170110,300
./training2017/A00/A00543.mat,48d3ba3c5ea1fea96ba5b62035716965,18024,20170110142200,20170110,300
./training2017/A00/A00544.mat,638a1328c39d78b59e1bc7d43eb5efbf,8420,20170110142200,20170110,300
./training2017/A00/A00545.mat,bb492df7c62a75a93b18421d8c0951e4,18024,20170110142200,20170110,300
./training2017/A00/A00546.mat,b7f10c68d30044785e47de96342851e9,18024,20170110142200,20170110,300
./training2017/A00/A00547.mat,bf4893d03ad0a1381a64f93adf4e5b14,8020,20170110142200,20170110,300
./training2017/A00/A00548.mat,48a9f527945d5846464525b67a14df68,7716,20170110142200,20170110,300
./training2017/A00/A00549.mat,578d405fb6e7d2fc053c8325b3bdd5fb,18024,20170110142200,20170110,300
./training2017/A00/A00550.mat,7822a5bf300279c82079f1915268f0dd,18024,20170110142200,20170110,300
./training2017/A00/A00551.mat,6cd0b7ab2f5fcfa1cc6f7ffcb5a80bb1,18024,20170110142200,20170110,300
./training2017/A00/A00552.mat,fdf68b4a7d3d8e46477f1247a7207183,24644,20170110142200,20170110,300
./training2017/A00/A00553.mat,ce388ff76ce16dfd48fa515941e6e794,18024,20170110142200,20170110,300
./training2017/A00/A00554.mat,067c7692cf2a5834fe1baa25aac5e791,18024,20170110142200,20170110,300
./training2017/A00/A00555.mat,6b0297ef974cb64d2259c33ea401451f,19208,20170110142200,20170110,300
./training2017/A00/A00556.mat,7100985512b28573b3d300c0eb956bcb,18024,20170110142200,20170110,300
./training2017/A00/A00557.mat,1c489e5207669b4844823afc0c198ab8,15624,20170110142200,20170110,300
./training2017/A00/A00558.mat,f47ca47c15c7a447d9689a6a988225e1,17296,20170110142200,20170110,300
./training2017/A00/A00559.mat,74403414df80fdb4a1a93c9506b6a94b,18024,20170110142200,20170110,300
./training2017/A00/A00560.mat,c8bcbec37a276dbca120e837fb8c24af,36024,20170110142200,20170110,300
./training2017/A00/A00561.mat,217a67d113dbcbbfd92acc6f355ee4b3,18024,20170110142200,20170110,300
./training2017/A00/A00562.mat,ab86c1c9ce3220bcff11586ef6ad1322,36024,20170110142200,20170110,300
./training2017/A00/A00563.mat,3c93497abf262096fceeacb4839b2fe3,36024,20170110142200,20170110,300
./training2017/A00/A00564.mat,6e126835193936d7ef22e99389041da2,18024,20170110142202,20170110,300
./training2017/A00/A00565.mat,91dbc631b96db3481a88f6188e21918a,18024,20170110142202,20170110,300
./training2017/A00/A00566.mat,21c38c913f974353b79e913bb9fe4848,36024,20170110142202,20170110,300
./training2017/A00/A00567.mat,6b801ad9874176199f67b15a60703ab4,18024,20170110142202,20170110,300
./training2017/A00/A00568.mat,cca904fa0d44d533c078c7337763be88,18024,20170110142202,20170110,300
./training2017/A00/A00569.mat,6bf97bed5e360fa2f004ed0d9b7f5e3e,18024,20170110142202,20170110,300
./training2017/A00/A00570.mat,20dfe208f084684094c3d63ff2735e60,18024,20170110142202,20170110,300
./training2017/A00/A00571.mat,a88a4696e508eb8aa63b1e298712553e,36024,20170110142202,20170110,300
./training2017/A00/A00572.mat,b8be394afcf76d44bdc629629c43b429,17636,20170110142202,20170110,300
./training2017/A00/A00573.mat,15e04b5b37a6805f21a435edcf4d0073,34804,20170110142202,20170110,300
./training2017/A00/A00574.mat,8d3d55c89b6e692df33768e27ab2121b,18024,20170110142202,20170110,300
./training2017/A00/A00575.mat,d53d7fa832a4f57ea60295f0612c9046,18024,20170110142202,20170110,300
./training2017/A00/A00576.mat,401d3d0c82b1454b40632920fb4201dd,18024,20170110142202,20170110,300
./training2017/A00/A00577.mat,95390c226af1415324100fedea5c3bc2,18024,20170110142202,20170110,300
./training2017/A00/A00578.mat,79220b6cb6b49b50224db69006bce032,18024,20170110142202,20170110,300
./training2017/A00/A00579.mat,4f06a73598d03626e594fc14b6520bc1,18024,20170110142202,20170110,300
./training2017/A00/A00580.mat,4ac82aef9b450af8e9d886143e8e0dc8,18024,20170110142202,20170110,300
./training2017/A00/A00581.mat,a2b98c2ca16495a3fd5883f9a6e4590a,18024,20170110142202,20170110,300
./training2017/A00/A00582.mat,8dacf9672e7697040b230543e468b62e,18024,20170110142202,20170110,300
./training2017/A00/A00583.mat,22b005c1e93aa71c1e075aee20503cc5,18024,20170110142202,20170110,300
./training2017/A00/A00584.mat,7415a44505998b900b881cc5ff98fecb,18024,20170110142202,20170110,300
./training2017/A00/A00585.mat,5f75e5b9a4b255397695fb03ec29c4f7,10668,20170110142202,20170110,300
./training2017/A00/A00586.mat,7f5d1dcdcdfb4865aeb86a7e2274caed,7576,20170110142202,20170110,300
./training2017/A00/A00587.mat,93a9f3e665d5a70bfd2cfae0cac1fa90,36024,20170110142202,20170110,300
./training2017/A00/A00588.mat,3b61099cc93d2f30c0ec7aed946d1078,36024,20170110142202,20170110,300
./training2017/A00/A00589.mat,578621641be1af0de9c10c8008bf4f5e,6112,20170110142202,20170110,300
./training2017/A00/A00590.mat,1e16a80f642859007cdcfbe64ec93347,18024,20170110142202,20170110,300
./training2017/A00/A00591.mat,fdcd94e4b04a6fe32cb0800694a3ff21,10136,20170110142202,20170110,300
./training2017/A00/A00592.mat,e5fc40fd2c752299a30bd30cd692bf0b,6016,20170110142202,20170110,300
./training2017/A00/A00593.mat,50c79753ae93b4229d2ae2726063fb4a,18024,20170110142202,20170110,300
./training2017/A00/A00594.mat,b5012c357fb7bb652bb394af1292cbe5,18024,20170110142202,20170110,300
./training2017/A00/A00595.mat,6cdeba937da0058f8e550c05f47d3393,18024,20170110142202,20170110,300
./training2017/A00/A00596.mat,f49f92fc000cf39dd19cf6c1f33d6740,8464,20170110142202,20170110,300
./training2017/A00/A00597.mat,432bfb470c3c91304a432cfc146b0c86,7096,20170110142202,20170110,300
./training2017/A00/A00598.mat,56d86ad439f7aadd4076fc547805035d,18024,20170110142202,20170110,300
./training2017/A00/A00599.mat,32d641551fb14f5cb53d8f7ffb966c9f,18024,20170110142202,20170110,300
./training2017/A00/A00600.mat,763ff06c756c7b8a4301b3ef0f1552ac,18024,20170110142202,20170110,300
./training2017/A00/A00601.mat,fc894129924826b327f1c38af64b87cb,11460,20170110142202,20170110,300
./training2017/A00/A00602.mat,c1c89a139595d7208dd50a6499884e04,36024,20170110142202,20170110,300
./training2017/A00/A00603.mat,dc1bdcf8b17af1fb82b023a643a71f0d,18024,20170110142202,20170110,300
./training2017/A00/A00604.mat,0a60629c998e40518a222931cba8faaf,16368,20170110142202,20170110,300
./training2017/A00/A00605.mat,fac574daebcff233ba4d4c0d85366e8c,18024,20170110142202,20170110,300
./training2017/A00/A00606.mat,4292136cb85159e61b3329f9195fff2b,18024,20170110142202,20170110,300
./training2017/A00/A00607.mat,f90a033c0d8a846a69db8ed3e887c2b5,18024,20170110142202,20170110,300
./training2017/A00/A00608.mat,cd9ca0b8fa0becf00ff05cbfac3ae1a9,18024,20170110142202,20170110,300
./training2017/A00/A00609.mat,0c09177a8b04ac57ae7ddfa316d398c5,9428,20170110142202,20170110,300
./training2017/A00/A00610.mat,d5adacbc7f3c8dcf033ab6bc87e3dc71,10968,20170110142202,20170110,300
./training2017/A00/A00611.mat,9fb81cd7bcc75a333a6c6ab95cd6fd85,8284,20170110142202,20170110,300
./training2017/A00/A00612.mat,4940e59a8ed9354fbaed93e436efcb9b,18024,20170110142202,20170110,300
./training2017/A00/A00613.mat,c8e9b1720f0e20b38d6e7f6e38da0542,36024,20170110142204,20170110,300
./training2017/A00/A00614.mat,c2657d19a2a00727cddbcb1f98e1b948,18024,20170113123244,20170113,300
./training2017/A00/A00615.mat,1acd2b110cbecf57202ba54d4a4e58bf,18024,20170110142204,20170110,300
./training2017/A00/A00616.mat,ae5e61f43f2a2b8edc14b952ce34c78f,18024,20170110142204,20170110,300
./training2017/A00/A00617.mat,7e62d7b957ffa8cbe2ea8b60634e6a2a,18024,20170110142204,20170110,300
./training2017/A00/A00618.mat,44efc453568b76b4c64a74710d8b78d7,15388,20170110142204,20170110,300
./training2017/A00/A00619.mat,8611bb2f38a6de0c86733dc74adcab20,12324,20170110142204,20170110,300
./training2017/A00/A00620.mat,a9718d4b740a15a2132d4756222f82ee,7740,20170110142204,20170110,300
./training2017/A00/A00621.mat,642043d653f2884c7ec667022d938b55,18024,20170110142204,20170110,300
./training2017/A00/A00622.mat,698e652946751627fe08f676c2b679cd,18024,20170110142204,20170110,300
./training2017/A00/A00623.mat,f30a90d65ae1affdaab197e48e33a791,18024,20170110142204,20170110,300
./training2017/A00/A00624.mat,86f64a6bd1eb3e0ba3dc35308ca9ebc7,18024,20170110142204,20170110,300
./training2017/A00/A00625.mat,b691c6023c1e1873907217096e4e4be2,18024,20170110142204,20170110,300
./training2017/A00/A00626.mat,3c23f951a9bbc302613af41bc0137f25,36024,20170110142204,20170110,300
./training2017/A00/A00627.mat,d3e9455ae835280533169e5fc6cc5f0f,36008,20170110142204,20170110,300
./training2017/A00/A00628.mat,b5562a9c8a60b04e7d0a75979943dee5,18024,20170110142204,20170110,300
./training2017/A00/A00629.mat,922c93ea817297e2c13d34d1ef891ff0,11644,20170110142204,20170110,300
./training2017/A00/A00630.mat,577114f6c3903b124ea1f306a52fca9a,11064,20170110142204,20170110,300
./training2017/A00/A00631.mat,9db483dc4a05c85fcb8c301a64b96e58,18024,20170110142204,20170110,300
./training2017/A00/A00632.mat,a45435c9b6568cae06987310d8fcfaf5,23320,20170110142204,20170110,300
./training2017/A00/A00633.mat,b0ed2548dffdec2ba74f515ef94e5c10,18024,20170110142204,20170110,300
./training2017/A00/A00634.mat,55670b81c7bdc2aef14b3587ee56ff69,36024,20170110142204,20170110,300
./training2017/A00/A00635.mat,5b6ee6ff430b2642bed758ddf5bd8782,36024,20170110142204,20170110,300
./training2017/A00/A00636.mat,df3963ffb915710ce2686d2814c8177d,18024,20170110142204,20170110,300
./training2017/A00/A00637.mat,ddfb0dcac41c5f4ef31de32500b9503d,18024,20170110142204,20170110,300
./training2017/A00/A00638.mat,7fe3bacc86546d3d90d31ac504732b46,18024,20170110142204,20170110,300
./training2017/A00/A00639.mat,e9089421e07f9e7663e673a0e5b70277,18024,20170110142204,20170110,300
./training2017/A00/A00640.mat,35ff9a4850f8b42b9f2c0804d956707e,36024,20170110142204,20170110,300
./training2017/A00/A00641.mat,74811a0e73fe1db0bc14987aafc5de10,36024,20170110142204,20170110,300
./training2017/A00/A00642.mat,c1c88d9565b7bf4bf001764bdbfe323d,36024,20170110142204,20170110,300
./training2017/A00/A00643.mat,95a2c1dd3d37713a4ed1f839c8d5621f,36024,20170110142204,20170110,300
./training2017/A00/A00644.mat,6c3abd60b1bf37093cbbcdbdaf9d17ca,18024,20170110142204,20170110,300
./training2017/A00/A00645.mat,38426d0b1f8241509837102cee8cd96a,18024,20170110142204,20170110,300
./training2017/A00/A00646.mat,71426a81042906096be6b50628297f98,18024,20170110142204,20170110,300
./training2017/A00/A00647.mat,25b023f6566d0b4270875949da6e90da,18024,20170110142204,20170110,300
./training2017/A00/A00648.mat,a01b72be16d023605d11dae6ed080858,7012,20170110142204,20170110,300
./training2017/A00/A00649.mat,5ebd4aa864c3dbdb71bccefa00115344,36024,20170110142204,20170110,300
./training2017/A00/A00650.mat,cfad7f1b0d347e22f9ebdb502ed2c808,18024,20170110142204,20170110,300
./training2017/A00/A00651.mat,6e1cd0ebc58926fb11f8a0b687bc3070,18024,20170110142204,20170110,300
./training2017/A00/A00652.mat,c0a3b28e2b1ee0ff010f615ffd5c5a74,36024,20170110142204,20170110,300
./training2017/A00/A00653.mat,5d82b7a9ec6a66e70076119c20a55953,18024,20170110142204,20170110,300
./training2017/A00/A00654.mat,c24571f37c65e7bf99ad6e438856f04a,18024,20170110142206,20170110,300
./training2017/A00/A00655.mat,896cb3f102757aa86a628ef4928f2d9e,15892,20170110142206,20170110,300
./training2017/A00/A00656.mat,3f207523a3979f24d72720aab41b59c5,18024,20170110142206,20170110,300
./training2017/A00/A00657.mat,e75d0588d4515fd0f455f694b29f11d4,18024,20170110142206,20170110,300
./training2017/A00/A00658.mat,bd22c720a40f5cf8b2fdfe5507e694de,18024,20170110142206,20170110,300
./training2017/A00/A00659.mat,3cd8b92dea0742c32d7f26cdae03125a,18024,20170110142206,20170110,300
./training2017/A00/A00660.mat,4d2adfda8b1df00823c0d8dfdce117b5,9968,20170110142206,20170110,300
./training2017/A00/A00661.mat,3247920e53c49b8d3121410e73ed7adc,18024,20170110142206,20170110,300
./training2017/A00/A00662.mat,b017fb3d39eee33c9caabfba7800be8e,18024,20170110142206,20170110,300
./training2017/A00/A00663.mat,5273d0af74ae38078cffa525001842c8,18024,20170110142206,20170110,300
./training2017/A00/A00664.mat,c13f4244795895f7c8157f3b47f613c1,18036,20170110142206,20170110,300
./training2017/A00/A00665.mat,d9db9c646d7cb63028cc3d3b5a6bcbaa,18024,20170110142206,20170110,300
./training2017/A00/A00666.mat,fd72e4391a25bd6361e13f1e3f7332e1,18024,20170110142206,20170110,300
./training2017/A00/A00667.mat,42fcb3ccf6e84d53eccd030127f3e573,18024,20170110142206,20170110,300
./training2017/A00/A00668.mat,93d32ffd21017711a6b2e49b9e9115c7,36024,20170110142206,20170110,300
./training2017/A00/A00669.mat,dd00b1dd004af800dde9f2586e8c9e64,18024,20170110142206,20170110,300
./training2017/A00/A00670.mat,982b644be3ae78c91d3c50c00b2b06e6,18024,20170110142206,20170110,300
./training2017/A00/A00671.mat,68a766226828ee47c333f7f551b91ef8,18024,20170110142206,20170110,300
./training2017/A00/A00672.mat,554e0495c12e40f6890406e54c17884b,18024,20170110142206,20170110,300
./training2017/A00/A00673.mat,a7d1bfd3d12e03e0b8fb4c89e7f52dae,13456,20170110142206,20170110,300
./training2017/A00/A00674.mat,4cc769e6cc3cca4ec16d79cde4e80013,18024,20170110142206,20170110,300
./training2017/A00/A00675.mat,4e955f211659fdca529f9dc56a0d352d,11916,20170110142206,20170110,300
./training2017/A00/A00676.mat,6c0dfa2ae37da36cd4d49190131e1950,36024,20170110142206,20170110,300
./training2017/A00/A00677.mat,ee13fcd763b31e28d0e369a84ba55827,18024,20170110142206,20170110,300
./training2017/A00/A00678.mat,5821ee24896d5a0123c6d7cf292a6cae,18024,20170110142206,20170110,300
./training2017/A00/A00679.mat,dc238e41f0833df62c7889fefef36778,18024,20170110142206,20170110,300
./training2017/A00/A00680.mat,5ccd13029d94e1636631ce121a8f214d,18024,20170110142206,20170110,300
./training2017/A00/A00681.mat,0788d51c4bf0df8bb0d8d97bf93bf6e0,18024,20170110142206,20170110,300
./training2017/A00/A00682.mat,5a3f651a76200f41326169a262cc5fa6,18024,20170110142206,20170110,300
./training2017/A00/A00683.mat,7928a6cb0f14e703343ea18ef1868e75,18024,20170110142206,20170110,300
./training2017/A00/A00684.mat,808664f9b26e44eec3e350ea6ccb1b7e,18024,20170110142206,20170110,300
./training2017/A00/A00685.mat,ba24ac6661423c508d71630d8ae66464,30556,20170110142206,20170110,300
./training2017/A00/A00686.mat,fad294d3463b40f36df38e1cafec2926,18024,20170110142206,20170110,300
./training2017/A00/A00687.mat,8489518b8b562f003ebf6e852cc6854a,18024,20170110142206,20170110,300
./training2017/A00/A00688.mat,52fcce3e12db1502998000e3e0522c65,18024,20170110142206,20170110,300
./training2017/A00/A00689.mat,265254f85c63ad2fbd9b7100d947db9a,18024,20170110142206,20170110,300
./training2017/A00/A00690.mat,d70b1e8fc07fccd38c9226b5b8ca5df3,18024,20170110142206,20170110,300
./training2017/A00/A00691.mat,2b67db4d867d51cc4891c3a349537e0d,18024,20170110142206,20170110,300
./training2017/A00/A00692.mat,dabedfd4dd6b8099a23bf2b105a2ee0b,18024,20170110142206,20170110,300
./training2017/A00/A00693.mat,78503494324947f0d71969e816b20af8,18024,20170110142208,20170110,300
./training2017/A00/A00694.mat,3fadd68d13b5fc188fcdbea0cd00f192,18024,20170110142208,20170110,300
./training2017/A00/A00695.mat,d5df65607dc7f5351a574e9cf215ae83,18024,20170110142208,20170110,300
./training2017/A00/A00696.mat,1f3dd3d6d944ead081f59bcbfd1f23cf,18024,20170110142208,20170110,300
./training2017/A00/A00697.mat,486012a071121add8b75b504f68db417,18024,20170110142208,20170110,300
./training2017/A00/A00698.mat,38244b7684b81f358007319bfc136b05,7952,20170110142208,20170110,300
./training2017/A00/A00699.mat,2e70b9804b1d36e1af03f52f5b8fbb39,18024,20170110142208,20170110,300
./training2017/A00/A00700.mat,447943da2f22bd89fc3c81580479832f,11848,20170110142208,20170110,300
./training2017/A00/A00701.mat,0abe49eeb44308399e6a6df3d5f01057,9408,20170110142208,20170110,300
./training2017/A00/A00702.mat,2b7ddff57082749c3a1dc68c82f198c8,18024,20170110142208,20170110,300
./training2017/A00/A00703.mat,889de8c64ffe863e4e8b4e7fb013b518,36024,20170110142208,20170110,300
./training2017/A00/A00704.mat,841d09ef680c072f9c6fcfb357d93b19,18024,20170110142208,20170110,300
./training2017/A00/A00705.mat,77b4cb37e0187a5fe94d65bb7b412bc9,18024,20170110142208,20170110,300
./training2017/A00/A00706.mat,18df7c50777feea89bd8c2fa699a4078,19040,20170110142208,20170110,300
./training2017/A00/A00707.mat,74593aa5ec37283f5257fa154b064d35,36024,20170110142208,20170110,300
./training2017/A00/A00708.mat,00f88ff40a5f76f118e7040e9342cbdb,18024,20170110142208,20170110,300
./training2017/A00/A00709.mat,890cd3848941459ace53a54b688080d5,18024,20170110142208,20170110,300
./training2017/A00/A00710.mat,cd8fa8134b029971f235797623e1090f,36024,20170110142208,20170110,300
./training2017/A00/A00711.mat,13c4dfa569cbd0d2fc36b8b817f98ee5,18024,20170110142208,20170110,300
./training2017/A00/A00712.mat,5fd2a10c237278ab17b4bc85b071fadc,36024,20170110142208,20170110,300
./training2017/A00/A00713.mat,f0867a6ed6fa5ce449a482525d34dafc,14136,20170110142208,20170110,300
./training2017/A00/A00714.mat,2322c9c1597f82051e3d42a6a873c88b,36024,20170110142208,20170110,300
./training2017/A00/A00715.mat,d97671a402284e77144bd7a78a733fe9,18024,20170110142208,20170110,300
./training2017/A00/A00716.mat,75006802bfa0fc51cd45ad6bd5aefa3f,36024,20170110142208,20170110,300
./training2017/A00/A00717.mat,aadf2ac5bcb9311676ddf3536ab261cf,18024,20170110142208,20170110,300
./training2017/A00/A00718.mat,7bb69f79ab374ba7109608bd3c523ed2,18024,20170110142208,20170110,300
./training2017/A00/A00719.mat,bb1b66f7fbbf3f86b790887930c9e662,35748,20170110142210,20170110,300
./training2017/A00/A00720.mat,0e7216b8deb7ccf7bc4ebcbcc909e7f2,12304,20170110142210,20170110,300
./training2017/A00/A00721.mat,a75aea6731624f9894ef69a9e12da568,36024,20170110142210,20170110,300
./training2017/A00/A00722.mat,4794f753482b7536c367bd96944123df,18024,20170110142210,20170110,300
./training2017/A00/A00723.mat,4a2b5ce94c1f79e6dd1a0d5ae9011e29,18024,20170110142210,20170110,300
./training2017/A00/A00724.mat,aac91d5e4dacb341f237ee2ca4407685,36024,20170110142210,20170110,300
./training2017/A00/A00725.mat,040d6bbf657f814ec42ae47c5796dbfe,18064,20170110142210,20170110,300
./training2017/A00/A00726.mat,fe2fe5f8ff11d8d6fdc164e24aeb313b,18024,20170110142210,20170110,300
./training2017/A00/A00727.mat,0ca85430d9ec152e2112da85f2549dab,18024,20170110142210,20170110,300
./training2017/A00/A00728.mat,c101aaa4d35ddad7b45643d2d4f707f2,18024,20170110142210,20170110,300
./training2017/A00/A00729.mat,acc04aa28be98ad6ac25c170a7efe329,18024,20170110142210,20170110,300
./training2017/A00/A00730.mat,4401d4b4a6324d5e285beb51fa22eafd,18024,20170110142210,20170110,300
./training2017/A00/A00731.mat,28eb32aec7e520ac33d85464ed7d6c4b,18024,20170110142210,20170110,300
./training2017/A00/A00732.mat,1f11b59eddcd35e9caf66bb8bd0faa97,18024,20170110142210,20170110,300
./training2017/A00/A00733.mat,3ff7442b6c6afd16b236ebd9bd96f6c4,18024,20170110142210,20170110,300
./training2017/A00/A00734.mat,39046f9eaeb61534986c135151d013b3,18024,20170110142210,20170110,300
./training2017/A00/A00735.mat,a01e65fc672cf9c72c5336afff60fad8,18024,20170110142210,20170110,300
./training2017/A00/A00736.mat,cf9f6cf6d41c5440439ac84d1264a68f,18024,20170110142210,20170110,300
./training2017/A00/A00737.mat,dd9a86f268bb66564953d3008d38e044,18024,20170110142210,20170110,300
./training2017/A00/A00738.mat,3426ed6022b1ba7c65f80f183d86f556,18024,20170110142210,20170110,300
./training2017/A00/A00739.mat,7f826ac2fae06504f047876870668653,18024,20170110142210,20170110,300
./training2017/A00/A00740.mat,c0c693c5e3d1cc876716c090d1faf5be,18024,20170110142210,20170110,300
./training2017/A00/A00741.mat,c58c24990b06e366b2f113059a9cde8d,18024,20170110142210,20170110,300
./training2017/A00/A00742.mat,4252ed3e7ec977f460f27bad1841b4bc,18024,20170110142210,20170110,300
./training2017/A00/A00743.mat,8dd214de97b855001d4e11f56e3124b6,18024,20170110142210,20170110,300
./training2017/A00/A00744.mat,494f90ce8a5e06524791072f98723dfa,18024,20170110142210,20170110,300
./training2017/A00/A00745.mat,7b314ac887978177ffaab7c831510da9,18024,20170110142210,20170110,300
./training2017/A00/A00746.mat,5bfd83f49256ab40e62581df8e5e9a62,18024,20170110142210,20170110,300
./training2017/A00/A00747.mat,328d8b42258059087a49bbf60781a69c,36024,20170110142210,20170110,300
./training2017/A00/A00748.mat,f1b621b3ef7e6b715103c16fdf7a8e4b,18024,20170110142210,20170110,300
./training2017/A00/A00749.mat,faf5db9c543a2a24843644233b65571c,18024,20170110142210,20170110,300
./training2017/A00/A00750.mat,199708e4881ba63a54d2ee4253debcef,18024,20170110142210,20170110,300
./training2017/A00/A00751.mat,84c4f95f16e5a2ed08baf0ab80f4fdf1,18024,20170110142210,20170110,300
./training2017/A00/A00752.mat,3c63a175227ec7be990447a48e44459b,7980,20170110142210,20170110,300
./training2017/A00/A00753.mat,d2fc4edb2551a28cc34062868ab3abb1,18024,20170110142210,20170110,300
./training2017/A00/A00754.mat,3222fc4a4618e6ee40ddbd8281b411e9,18024,20170110142210,20170110,300
./training2017/A00/A00755.mat,40495a670461d080917f387fe86fac2a,18024,20170110142210,20170110,300
./training2017/A00/A00756.mat,fa877f3394c9602e3761b1275602c86f,36024,20170110142210,20170110,300
./training2017/A00/A00757.mat,21169ec74eccbd70b2533906257eaa54,18024,20170110142210,20170110,300
./training2017/A00/A00758.mat,411970325be01d04deef2e5c292b652e,18024,20170110142212,20170110,300
./training2017/A00/A00759.mat,761cc09c6e1c461707d88130cfa8bb47,16600,20170110142212,20170110,300
./training2017/A00/A00760.mat,f83e9f1dd4fda0bd2ffb6e68fc08daaf,18024,20170110142212,20170110,300
./training2017/A00/A00761.mat,ec3b09dd5457f23833678be8a586d49f,18024,20170110142212,20170110,300
./training2017/A00/A00762.mat,dd826fe6373839abcba9c628a9ce14eb,18024,20170110142212,20170110,300
./training2017/A00/A00763.mat,14fcdbab4f1f7715d3107a722e19fb82,8960,20170110142212,20170110,300
./training2017/A00/A00764.mat,ed7fd20989e3530d5c5391a1ad5aa951,18024,20170110142212,20170110,300
./training2017/A00/A00765.mat,80582075856a79aa11770663fbc330c7,18024,20170110142212,20170110,300
./training2017/A00/A00766.mat,4a4bcfa741abf2879d53ff95e818868f,18024,20170110142212,20170110,300
./training2017/A00/A00767.mat,ff201b747ef693edad862e688fac6311,20864,20170110142212,20170110,300
./training2017/A00/A00768.mat,cd3c08e506d3603a9d9aef05fd917461,18024,20170110142212,20170110,300
./training2017/A00/A00769.mat,f6fddcaebcd7a73608e00648bf0ffb69,18024,20170110142212,20170110,300
./training2017/A00/A00770.mat,ccd11952ba08ff20e7599715e11aaaa8,18024,20170110142212,20170110,300
./training2017/A00/A00771.mat,d26844e2dbd0897b6547ebb93bef2910,18024,20170110142212,20170110,300
./training2017/A00/A00772.mat,c90d017b1d6176c8b971f40d85ccea75,18024,20170110142212,20170110,300
./training2017/A00/A00773.mat,eedabc0697830614f2e34dce23c91617,18024,20170110142212,20170110,300
./training2017/A00/A00774.mat,fc7d20022d02d2ae86338a9092e728c8,18024,20170110142212,20170110,300
./training2017/A00/A00775.mat,083eaf7eedcd29d124f85ee0d87ad789,36024,20170110142212,20170110,300
./training2017/A00/A00776.mat,aed16559421edfeacc9b8e09517055f3,18024,20170110142214,20170110,300
./training2017/A00/A00777.mat,a86e531630d79087989773acd8c93271,18024,20170110142214,20170110,300
./training2017/A00/A00778.mat,2bf65b10cf4cae86f75e9d8c37e16f22,18024,20170110142214,20170110,300
./training2017/A00/A00779.mat,693a397e7df218a848d3bcb270bbdf02,18024,20170110142214,20170110,300
./training2017/A00/A00780.mat,fa36e1d9b20c770ab812a8c0d7df9bef,18024,20170110142214,20170110,300
./training2017/A00/A00781.mat,e50834640db97a86374b511c19698712,8080,20170110142214,20170110,300
./training2017/A00/A00782.mat,7b62ea2de37eee1c60e82d2f9aae6da4,18024,20170110142214,20170110,300
./training2017/A00/A00783.mat,b5f0d502c1fd5cff5cf4905ee49bb44e,18024,20170110142214,20170110,300
./training2017/A00/A00784.mat,0b484a4d06f6b5be5c5d06006d3a5d3b,18024,20170110142214,20170110,300
./training2017/A00/A00785.mat,b53aff27d977c91d42d6e6ab56b4d719,18024,20170110142214,20170110,300
./training2017/A00/A00786.mat,55b94ea340ea4f554b922d76e0e4c4a1,18024,20170110142214,20170110,300
./training2017/A00/A00787.mat,595993d414c9cf368299650450b6c8b7,18024,20170110142214,20170110,300
./training2017/A00/A00788.mat,561cdadf45700f846e814400c9f824ce,36024,20170110142214,20170110,300
./training2017/A00/A00789.mat,92078175473394f77e881de1e9cd9498,36024,20170110142214,20170110,300
./training2017/A00/A00790.mat,de7015b4dfcc8fdc83087d1f33979aaf,18024,20170110142214,20170110,300
./training2017/A00/A00791.mat,2c6392a820935f67faea3fcd5bc9bca4,18024,20170110142214,20170110,300
./training2017/A00/A00792.mat,3c52819c293b836157ba50cee69a600f,18024,20170110142216,20170110,300
./training2017/A00/A00793.mat,1ff20b6585f5691f4187e2c2a31276a8,18024,20170110142216,20170110,300
./training2017/A00/A00794.mat,32e157464026261debf75adcade37ea0,18024,20170110142216,20170110,300
./training2017/A00/A00795.mat,3bcce5db1b6d6c7b8d8475f873644ae2,18024,20170110142216,20170110,300
./training2017/A00/A00796.mat,9df67012c766d7d327c10e1874f0bd3e,18024,20170110142216,20170110,300
./training2017/A00/A00797.mat,054b68878ce0259cd93754d9b5779044,18024,20170110142216,20170110,300
./training2017/A00/A00798.mat,362890824bb80b14184dabfb2e842829,12252,20170110142216,20170110,300
./training2017/A00/A00799.mat,f636af3945e07a1ec6ea237e56b75cc2,36024,20170110142216,20170110,300
./training2017/A00/A00800.mat,f3b3dd3686f81a7d25729af819fa5b65,18024,20170110142216,20170110,300
./training2017/A00/A00801.mat,2c034995dc93cd452c0edecf47c32256,18024,20170110142216,20170110,300
./training2017/A00/A00802.mat,13280ae8ef9c3f44234d90d81b4bb864,18024,20170110142216,20170110,300
./training2017/A00/A00803.mat,fb4ad49b877b4c922d5e1231b66c75e1,18024,20170110142216,20170110,300
./training2017/A00/A00804.mat,2fd2cd4a5c7542057cd5b88e301bd659,18024,20170110142216,20170110,300
./training2017/A00/A00805.mat,8cf2c70a8531a4f124a587a1161ea302,18024,20170110142216,20170110,300
./training2017/A00/A00806.mat,030e3bd18ff44ea57f2eddd14ccc7912,18024,20170110142216,20170110,300
./training2017/A00/A00807.mat,a66f4e519d4a2be19c2e1f928a4cdada,18024,20170110142216,20170110,300
./training2017/A00/A00808.mat,aaf7018d210cc3a65f5fc02c7f27b25b,18024,20170110142216,20170110,300
./training2017/A00/A00809.mat,719b99ef0f0c035b7503b8db395eee7f,18024,20170110142216,20170110,300
./training2017/A00/A00810.mat,979130262a54a8ce8759e83eb1496472,18024,20170110142216,20170110,300
./training2017/A00/A00811.mat,1d0e3e114314bae10d5eb7ae96f34a00,18024,20170110142216,20170110,300
./training2017/A00/A00812.mat,5b602ba8cbcb848486333fe4e926bc54,18024,20170110142216,20170110,300
./training2017/A00/A00813.mat,ac6f6e45b5cdadf948eb20ffb8520b36,9184,20170110142216,20170110,300
./training2017/A00/A00814.mat,a7789f0cfe8c14dd69921271508d9aa6,18024,20170110142216,20170110,300
./training2017/A00/A00815.mat,3efd011ac9744763223e23c37fcbb405,18024,20170110142216,20170110,300
./training2017/A00/A00816.mat,58e1f71e547bc81d0da33ae4b90aafb2,6536,20170110142216,20170110,300
./training2017/A00/A00817.mat,d9fd2489f85c3ed043b86dadfc962dfa,36024,20170110142216,20170110,300
./training2017/A00/A00818.mat,90f9e2bf48a6fb75a939981042f70fae,18024,20170110142216,20170110,300
./training2017/A00/A00819.mat,c08487f4fe7b1ca7850dc4dbcdcc24fd,10172,20170110142216,20170110,300
./training2017/A00/A00820.mat,a1608bdc4fd025dd973dad5edd4e2565,15292,20170110142216,20170110,300
./training2017/A00/A00821.mat,5bd550afcc10018d957797916a4088d9,18024,20170110142216,20170110,300
./training2017/A00/A00822.mat,62f14959037f39826ed7a6d1c854c91a,18024,20170110142216,20170110,300
./training2017/A00/A00823.mat,04aa6863282054e0957daf9355e811b8,18024,20170110142216,20170110,300
./training2017/A00/A00824.mat,993ebecc94a6ac54b0ba9362b111a0d4,18024,20170110142218,20170110,300
./training2017/A00/A00825.mat,fd3a00b505f4e3f57faeda69fdfe724c,18024,20170110142218,20170110,300
./training2017/A00/A00826.mat,0e55619231932dee19fcbc31e6b88141,18024,20170110142218,20170110,300
./training2017/A00/A00827.mat,76277318fa90a9b1a8761574155dfa2b,18024,20170110142218,20170110,300
./training2017/A00/A00828.mat,807d702891326a50362b627265e5fbdd,18024,20170110142218,20170110,300
./training2017/A00/A00829.mat,a011ca1013a2709b0a32b6c92b374932,18024,20170110142218,20170110,300
./training2017/A00/A00830.mat,bbc2ca916ea2761ab1cd65a6ffec25b1,18024,20170110142218,20170110,300
./training2017/A00/A00831.mat,d3260d414366dbb1581756bb605836e6,36024,20170110142218,20170110,300
./training2017/A00/A00832.mat,5cb5a28f8235f76eebde7b3b72d7d24d,18024,20170110142218,20170110,300
./training2017/A00/A00833.mat,8c040366e0dac09d0e38958d1a0601ad,18024,20170110142218,20170110,300
./training2017/A00/A00834.mat,40dff730d37f535c299cea64fe81b923,18024,20170110142218,20170110,300
./training2017/A00/A00835.mat,d07bd9c9be70be5ff2e65be53d6b30d9,18024,20170110142218,20170110,300
./training2017/A00/A00836.mat,c02fe939dda5a9bc419582f840734f12,18024,20170110142218,20170110,300
./training2017/A00/A00837.mat,f4330fdb8c7ddd706f7591d933f54fd6,18024,20170110142218,20170110,300
./training2017/A00/A00838.mat,5428609856308dc83bb7f59b9173ffd3,18024,20170110142218,20170110,300
./training2017/A00/A00839.mat,6df65eeeb9a0f509cba01cfe345b6984,18024,20170110142218,20170110,300
./training2017/A00/A00840.mat,e8f9662145c9e23623dfcd5fcc6e77f9,18024,20170110142218,20170110,300
./training2017/A00/A00841.mat,c05a91d1e1d0ad07f23a4afa8f3f7d1d,18024,20170110142218,20170110,300
./training2017/A00/A00842.mat,cf658ebb8c552c5225f6c5db08246191,36024,20170110142218,20170110,300
./training2017/A00/A00843.mat,b4bdd92b992708e5fbacea637a1d4378,18024,20170110142218,20170110,300
./training2017/A00/A00844.mat,59171a93d41d81d8a0d8dde9edf0d60a,7144,20170110142218,20170110,300
./training2017/A00/A00845.mat,8b718d690856463a04ae8154b963f8b4,18024,20170110142218,20170110,300
./training2017/A00/A00846.mat,17cad8257bcaa95e489303261324bb88,7404,20170110142218,20170110,300
./training2017/A00/A00847.mat,d4913e793951b223b028ebe02f8a7725,18024,20170110142218,20170110,300
./training2017/A00/A00848.mat,a59c6030d2278a98fea0cac38dd261ed,18024,20170110142218,20170110,300
./training2017/A00/A00849.mat,3da0332337110392f54a02c572eba2e8,36024,20170110142218,20170110,300
./training2017/A00/A00850.mat,5c8d986138cc1b7e90ed4c3a382ddcd2,18024,20170110142218,20170110,300
./training2017/A00/A00851.mat,86c34c4769a16824340bdd3bd7d3f90a,36024,20170110142218,20170110,300
./training2017/A00/A00852.mat,ba30682627bcf563e7b5c16baff94328,18024,20170110142218,20170110,300
./training2017/A00/A00853.mat,a176930da545189eaf5232acf5057b85,18024,20170110142218,20170110,300
./training2017/A00/A00854.mat,e4637e2d14943d8fcab9966f45a99c67,18024,20170110142218,20170110,300
./training2017/A00/A00855.mat,6dc217248a5e2e75b88aa4c6fd00a79f,18024,20170110142220,20170110,300
./training2017/A00/A00856.mat,9a081a827768f717c42bba78d4d66dfa,18024,20170110142220,20170110,300
./training2017/A00/A00857.mat,9bc60f7a591a56135e83c27ce01300be,18024,20170110142220,20170110,300
./training2017/A00/A00858.mat,8f359f285dbe68989ccd9c4ad0d5f95b,18024,20170110142220,20170110,300
./training2017/A00/A00859.mat,8fca00d904ef4642aac0a7dd00a8cf73,18024,20170110142220,20170110,300
./training2017/A00/A00860.mat,17ce6780520162a1506c3d021d07c7de,18024,20170110142220,20170110,300
./training2017/A00/A00861.mat,f389970ec5075c35029b9b209150d201,18024,20170110142220,20170110,300
./training2017/A00/A00862.mat,e88f9fda036ec31886ac7ca7b6cd8164,36024,20170110142220,20170110,300
./training2017/A00/A00863.mat,30766c7bf5da3eb0183a81c6439fc8ea,18024,20170110142220,20170110,300
./training2017/A00/A00864.mat,7f55bad89ac9db95529dea51b42a4a89,18024,20170110142220,20170110,300
./training2017/A00/A00865.mat,0650dd2597a8b19fc93b7807ed4deeb7,18024,20170110142220,20170110,300
./training2017/A00/A00866.mat,a9004a246a09862da60f917c1558f967,18024,20170110142220,20170110,300
./training2017/A00/A00867.mat,750f4fd7e08d4a83014cc14613c31ed3,18024,20170110142220,20170110,300
./training2017/A00/A00868.mat,240e15eb878f635a44e08c3b90513b60,18024,20170110142220,20170110,300
./training2017/A00/A00869.mat,a2b7afdb4e513657541f3e98f0fba6cb,18024,20170110142220,20170110,300
./training2017/A00/A00870.mat,9aa2420917969d6e662c07078cbb2269,18024,20170110142220,20170110,300
./training2017/A00/A00871.mat,5d6222ae63c0e4bf9ea21c1672f8eec1,18024,20170110142220,20170110,300
./training2017/A00/A00872.mat,b0fc0bd9b83e9d32551b041cba87fe9f,18024,20170110142220,20170110,300
./training2017/A00/A00873.mat,3242bcf2a7ff8a86ada75c7d56169734,18024,20170110142220,20170110,300
./training2017/A00/A00874.mat,86a784f3247ed14e6e56d8a7c103a8d3,11428,20170110142220,20170110,300
./training2017/A00/A00875.mat,19a05e82cf6853f916ca29a342990ca3,18024,20170110142220,20170110,300
./training2017/A00/A00876.mat,e4d09d45736f504c21661036ef2b4f70,18024,20170110142220,20170110,300
./training2017/A00/A00877.mat,f81030514e29dee5acc0c3a6c62cf734,18024,20170110142222,20170110,300
./training2017/A00/A00878.mat,e2a791121c9bd5972d33a90aeca3c61a,18024,20170110142222,20170110,300
./training2017/A00/A00879.mat,38cb50166ce8dd39b1cd2b3644ebca1d,18024,20170110142222,20170110,300
./training2017/A00/A00880.mat,51c8be099dc2f89b2abd940952612817,18024,20170110142222,20170110,300
./training2017/A00/A00881.mat,8e771bb5ec4184cf1516362c8e442ccd,18024,20170110142222,20170110,300
./training2017/A00/A00882.mat,d3bf13346c94dad14431fbf614018044,36024,20170110142222,20170110,300
./training2017/A00/A00883.mat,de53d3578788de9b63566b9d439e34ac,18024,20170110142222,20170110,300
./training2017/A00/A00884.mat,e15f7a75340af8441f4374edf6dcff53,7388,20170110142222,20170110,300
./training2017/A00/A00885.mat,84bdd83d4b6305d47bcd1656a2572060,18024,20170110142222,20170110,300
./training2017/A00/A00886.mat,8976cc9d10444950514a5251589b5e8c,18024,20170110142222,20170110,300
./training2017/A00/A00887.mat,e62b27dc57fbe30f6b60bb3e21d900ae,36024,20170110142222,20170110,300
./training2017/A00/A00888.mat,0250fb0607868986e449307b9706f49e,18024,20170110142222,20170110,300
./training2017/A00/A00889.mat,a1d73fcf646488abc8270e102d8741e5,18024,20170110142222,20170110,300
./training2017/A00/A00890.mat,2a201cb1e4ecdb5bcb1b18b09467bcf3,18024,20170110142222,20170110,300
./training2017/A00/A00891.mat,fa5dd03a7ad5bc7dad28ddd9c24637e2,18024,20170110142222,20170110,300
./training2017/A00/A00892.mat,d5ecf2493c789c039089fa09f78415be,36024,20170110142222,20170110,300
./training2017/A00/A00893.mat,a25ffb81e05e43e7ae08cf9a42b722fd,18024,20170110142222,20170110,300
./training2017/A00/A00894.mat,3702154cea6f4393fb18a372b1cbfac5,5760,20170110142222,20170110,300
./training2017/A00/A00895.mat,9df5c6bdc91cc7c2adba39f333277283,18024,20170110142222,20170110,300
./training2017/A00/A00896.mat,755b3e35fd85278d30e7385c367ef7e3,20128,20170110142222,20170110,300
./training2017/A00/A00897.mat,0877e9dbc0c3414da368b697bc17b1f0,18024,20170110142222,20170110,300
./training2017/A00/A00898.mat,46272f210917bcd7f6a93e0ada52a468,18024,20170110142222,20170110,300
./training2017/A00/A00899.mat,93ae47b3dd2960aca9ed67b42d404ca4,36024,20170110142222,20170110,300
./training2017/A00/A00900.mat,bc465bc1096756e05b9c1cb26c9ce682,6100,20170110142222,20170110,300
./training2017/A00/A00901.mat,0447659afe7efbd87936049b9e563dde,15080,20170110142222,20170110,300
./training2017/A00/A00902.mat,8cb353dba080a640a58bec4da5af1626,18024,20170110142222,20170110,300
./training2017/A00/A00903.mat,67c56cf54560d533b7ca375f643d05ee,18024,20170110142222,20170110,300
./training2017/A00/A00904.mat,2550fa29b042e58d970f0159444c0da1,8256,20170110142222,20170110,300
./training2017/A00/A00905.mat,9f2f45dbea7ee350cacd7ad9935f7225,18024,20170110142222,20170110,300
./training2017/A00/A00906.mat,a07feb6a3071f0e6d06b93f751945c72,18024,20170110142222,20170110,300
./training2017/A00/A00907.mat,e958ac74df5795775a40454ced13c646,33452,20170110142222,20170110,300
./training2017/A00/A00908.mat,4ddb980085b6aba6cbf46abb4be2d996,18024,20170110142222,20170110,300
./training2017/A00/A00909.mat,54da1e20ffa50a5060c4b7c4cd3698b1,18024,20170110142222,20170110,300
./training2017/A00/A00910.mat,0a13dda8a3b858d1388e04e3f7a5fc23,18024,20170110142222,20170110,300
./training2017/A00/A00911.mat,e33a1ea028b9049342dd552307c04500,18024,20170110142222,20170110,300
./training2017/A00/A00912.mat,90dd447a1d46aea2d70b9bdea7ada516,18024,20170110142222,20170110,300
./training2017/A00/A00913.mat,ca778af49a21a5dc44187edb48b003b7,18024,20170110142222,20170110,300
./training2017/A00/A00914.mat,a9f6a1a50dca8aed3995cdc4183432ea,18024,20170110142222,20170110,300
./training2017/A00/A00915.mat,521c50b7ed87094c05032b591f922248,18024,20170110142222,20170110,300
./training2017/A00/A00916.mat,7c705c6a071debb523b016ab3a9bfd0e,36024,20170110142222,20170110,300
./training2017/A00/A00917.mat,04ad1fcb5d620671acc9727c310f03eb,18024,20170110142224,20170110,300
./training2017/A00/A00918.mat,48640b0708d2e62e22ae75c85f0ae395,18024,20170110142224,20170110,300
./training2017/A00/A00919.mat,af37ea0e457f97b1d47f0647c86578eb,36024,20170110142224,20170110,300
./training2017/A00/A00920.mat,a163748b88d8b97ad4f4f84ad1fb1e2c,18024,20170110142224,20170110,300
./training2017/A00/A00921.mat,f0cd06757534a3b8c2e7c1d9a34eaa5b,8920,20170110142224,20170110,300
./training2017/A00/A00922.mat,28f4279abb89d21e5817b502126f36c6,36024,20170110142224,20170110,300
./training2017/A00/A00923.mat,fbf4db37d02903f163a60bcd6550c12a,18024,20170110142224,20170110,300
./training2017/A00/A00924.mat,b7dd19d74af7429e69c0bb7c5728099c,18024,20170110142224,20170110,300
./training2017/A00/A00925.mat,47e4b3cc8e27b35e911214c1978bb75d,18024,20170110142224,20170110,300
./training2017/A00/A00926.mat,ccac1579372fb2af94ef0d25ee793158,18024,20170110142224,20170110,300
./training2017/A00/A00927.mat,d3a8937d6e54aa6b278905f757224bf6,18024,20170110142224,20170110,300
./training2017/A00/A00928.mat,0c7b59514a9a207b72fee34adfa603c7,18024,20170110142224,20170110,300
./training2017/A00/A00929.mat,489ad9c9838da50a59455d89176f0846,36024,20170110142224,20170110,300
./training2017/A00/A00930.mat,0c8a22ee64cd93ec5ee2794da47b9444,18024,20170110142224,20170110,300
./training2017/A00/A00931.mat,21fc90d6bbd28f69b1387d73aea46299,18024,20170110142224,20170110,300
./training2017/A00/A00932.mat,41b21c50191f1b8f51e36c4933ad0e99,36024,20170110142224,20170110,300
./training2017/A00/A00933.mat,065e992e58707626bff96b44128cce79,18024,20170110142224,20170110,300
./training2017/A00/A00934.mat,1d825fd5c1ba4399412f6e2a88330012,18024,20170110142224,20170110,300
./training2017/A00/A00935.mat,9e87c1e7cd5f5a23075833aec14a0c55,18024,20170110142224,20170110,300
./training2017/A00/A00936.mat,e8c878749f39edfc3634330efc7a2c77,18024,20170110142224,20170110,300
./training2017/A00/A00937.mat,1ccc03f55e4be3b67e5a60d2dccd072b,10956,20170110142224,20170110,300
./training2017/A00/A00938.mat,16b110624cb3515abfec4158a2845e3d,18024,20170110142224,20170110,300
./training2017/A00/A00939.mat,8be3e9d967ca2f11bfcc6ae7e18ab51d,18024,20170110142224,20170110,300
./training2017/A00/A00940.mat,afadeee8aca5e4a25ee2b63135cff2b9,36024,20170110142224,20170110,300
./training2017/A00/A00941.mat,7629dd613512409e5dd3d2483c273c2c,18024,20170110142224,20170110,300
./training2017/A00/A00942.mat,54bf16c88b8f4be47416ed455a15d68f,18024,20170110142224,20170110,300
./training2017/A00/A00943.mat,5e32aa60ca35d7e7c1e7bc09fbb0bae0,36024,20170110142224,20170110,300
./training2017/A00/A00944.mat,c2c7ce6927eaeea85e26aeecc33fb229,18024,20170110142224,20170110,300
./training2017/A00/A00945.mat,8ad9c9d79cdd8719eb410aabe0f4719b,36024,20170110142224,20170110,300
./training2017/A00/A00946.mat,998e4441180c14fe1625b26c26acba80,36024,20170110142224,20170110,300
./training2017/A00/A00947.mat,a1180a37986d9d2705b75d3379e5fb66,18024,20170110142224,20170110,300
./training2017/A00/A00948.mat,a05eaec645bfc44c93718340cc4aa7bf,18024,20170110142224,20170110,300
./training2017/A00/A00949.mat,2c329ae404882eddda70e1fc42e09905,18024,20170110142224,20170110,300
./training2017/A00/A00950.mat,ca5a4efcf2d1a55a4f07aea19cb64be2,18024,20170110142224,20170110,300
./training2017/A00/A00951.mat,d288934bec00bc59937cedb22678d48e,18024,20170110142224,20170110,300
./training2017/A00/A00952.mat,e5e92ef44598a341a7e84efe6e49488d,18024,20170110142224,20170110,300
./training2017/A00/A00953.mat,734af60e627ea5518322353a80dbe188,7716,20170110142226,20170110,300
./training2017/A00/A00954.mat,391c1d09e7b13b65ffd38ecdf3f6f541,6380,20170110142226,20170110,300
./training2017/A00/A00955.mat,4e6bf619b63f13ea1b769147fe62c6f7,18024,20170110142226,20170110,300
./training2017/A00/A00956.mat,26b3bd5c2f623a94b6a34b1fbabcbd1c,18024,20170110142226,20170110,300
./training2017/A00/A00957.mat,8b8c6eaab917352cd7abc8cf60412d83,18024,20170110142226,20170110,300
./training2017/A00/A00958.mat,d1231bf6dd747bcf486538c0c13a6bfc,36024,20170110142226,20170110,300
./training2017/A00/A00959.mat,4c698a681875bb1c7b5d739090bb4941,36024,20170110142226,20170110,300
./training2017/A00/A00960.mat,190fc36b147402927fbb894c6997b5bc,18024,20170110142226,20170110,300
./training2017/A00/A00961.mat,99e4ccb511ce4443816a5a34779211ca,18024,20170110142226,20170110,300
./training2017/A00/A00962.mat,0dc272fc3abaddc7a8f882c9ff2c58fc,18024,20170110142226,20170110,300
./training2017/A00/A00963.mat,8c705c2a226eca9c769454ae0490da3b,18024,20170110142226,20170110,300
./training2017/A00/A00964.mat,6c40bf54a92d8ac58b4a8d39d5b5ef0d,18024,20170110142226,20170110,300
./training2017/A00/A00965.mat,267319b75e9df943e4a773589427373e,18024,20170110142226,20170110,300
./training2017/A00/A00966.mat,f74134ab008d2d2c3d249ea14b62532a,18024,20170110142226,20170110,300
./training2017/A00/A00967.mat,6441b8405238544f09b06c984befb9f0,36024,20170110142226,20170110,300
./training2017/A00/A00968.mat,2b77be0ec97b56c3000c4002aaacafb1,36024,20170110142226,20170110,300
./training2017/A00/A00969.mat,c4be466ef378714df4df4b3714b977b0,18024,20170110142226,20170110,300
./training2017/A00/A00970.mat,32ed30dc44ccb0e267c43274c946ddea,18024,20170110142226,20170110,300
./training2017/A00/A00971.mat,86ab117aefd4d6d57be8b51049f29d9f,18024,20170110142226,20170110,300
./training2017/A00/A00972.mat,7d500943db50c1f8a4f3e843b3af1556,36024,20170110142226,20170110,300
./training2017/A00/A00973.mat,a8c87628bdd02eab81f14b8fac7c988d,18024,20170110142226,20170110,300
./training2017/A00/A00974.mat,c8444afd5768f29914be1fcc7f1015cd,18024,20170110142226,20170110,300
./training2017/A00/A00975.mat,975d76bc8de8b19c47afac6d75bbf182,18024,20170110142226,20170110,300
./training2017/A00/A00976.mat,cfeee76515d3b412fe89762d45625548,18024,20170110142226,20170110,300
./training2017/A00/A00977.mat,3e861d1d00e11893d8eb9fbe7b3f06c0,18024,20170110142226,20170110,300
./training2017/A00/A00978.mat,b5854926c5002dd8ff9a2a8483827842,18024,20170110142228,20170110,300
./training2017/A00/A00979.mat,25de8b8fc2a0e3898dc5b25957d5ac88,18024,20170110142228,20170110,300
./training2017/A00/A00980.mat,0cf1a6cd65048e56347b30d8b4db5d46,6952,20170110142228,20170110,300
./training2017/A00/A00981.mat,cfdb78c7bf666bbc739bb0c4597a1f07,18024,20170110142228,20170110,300
./training2017/A00/A00982.mat,9892bf5166f1808068dae7eb2673ffb2,18024,20170110142228,20170110,300
./training2017/A00/A00983.mat,5554bf55321c106f0c83f25c834d0108,18024,20170110142228,20170110,300
./training2017/A00/A00984.mat,07881634c023622e642fbf871bdfdacb,5640,20170110142228,20170110,300
./training2017/A00/A00985.mat,01f2101423c057cbf846528122b60b7a,18024,20170110142228,20170110,300
./training2017/A00/A00986.mat,bbb760f29acd80a0c5eed5bdbb8ce333,18024,20170110142228,20170110,300
./training2017/A00/A00987.mat,c0e6ffbed56a3caf73b31f230286efde,18024,20170110142228,20170110,300
./training2017/A00/A00988.mat,ce7288b507ec89b38abdce1adf2c6424,18024,20170110142228,20170110,300
./training2017/A00/A00989.mat,b2349bdf3a0aa250c8be42bdf4364a02,18024,20170110142228,20170110,300
./training2017/A00/A00990.mat,0e770adc3c97245a77323617950ef841,18024,20170110142228,20170110,300
./training2017/A00/A00991.mat,cc74b66e768a8b622a73047c3b9e5958,16752,20170110142228,20170110,300
./training2017/A00/A00992.mat,9151cd706eaf888e185be3208a1567c8,18024,20170110142228,20170110,300
./training2017/A00/A00993.mat,4167f6f096ed50d7879a9dcc2b789655,18024,20170110142228,20170110,300
./training2017/A00/A00994.mat,4ab52534cb4c6b3b78bcc8509789f125,18024,20170110142228,20170110,300
./training2017/A00/A00995.mat,cb7fef426776e192c332d62e3593dafc,18024,20170110142228,20170110,300
./training2017/A00/A00996.mat,347324dc49dc3ca4cf044d4eb94f0fb1,18024,20170110142228,20170110,300
./training2017/A00/A00997.mat,ed038066e42b45aac76eab9a83c6b929,18024,20170110142228,20170110,300
./training2017/A00/A00998.mat,ca08b9319fa6e2e6bd84187062917265,18024,20170110142228,20170110,300
./training2017/A00/A00999.mat,e72facb5ef25f9cf427b8348de0961f3,18024,20170110142228,20170110,300
